Identifier,AltIdentifier,Modified_Peptide,"Log2R_/Users/jmontano/Documents/Rotations/Zaro Lab/Notebook/20240911_JLM191 - NCI60 isoDTB, CCRF-CEM, MOLT-4, and UACC-62/126-CCRFCEM/A1","Log2R_/Users/jmontano/Documents/Rotations/Zaro Lab/Notebook/20240911_JLM191 - NCI60 isoDTB, CCRF-CEM, MOLT-4, and UACC-62/126-CCRFCEM/A2","Log2R_/Users/jmontano/Documents/Rotations/Zaro Lab/Notebook/20240911_JLM191 - NCI60 isoDTB, CCRF-CEM, MOLT-4, and UACC-62/126-CCRFCEM/B1","Log2R_/Users/jmontano/Documents/Rotations/Zaro Lab/Notebook/20240911_JLM191 - NCI60 isoDTB, CCRF-CEM, MOLT-4, and UACC-62/126-CCRFCEM/B2",Log2R_Average,Log2 Ratio HL (Median) (Count*)
P05107_C472,ITGB2_C472,C*DTGYIGK,0.349855143561563,0.4939873426938226,1.4702488847991781,0.5801081010077873,0.7235498680155876,4
Q92900_C683,UPF1_C683,QLILVGDHCQLGPVVMC*K,0.28076822190952516,0.06088208864183824,0.5613427236154008,1.9161804302927612,0.7047933661148813,4
Q14807_C72,KIF22_C72,GMDSC*SLEIANWR,0.5496889143759522,0.43510926939312405,0.35497758683336633,1.406956360482266,0.686683032771177,4
Q6P158_C1369,DHX57_C1369,IKNPSIDLCTC*PR,0.4108868383412236,0.5635954622613258,0.5051895835928831,1.0456701872781036,0.6313355178683839,4
Q8TCG2_C473,PI4K2B_C473,IVHLSNSFTQTVNC*R,0.5218569148923009,0.4651909696504413,0.5658744317261113,0.9041593121621487,0.6142704071077505,4
Q9NQR4_C153,NIT2_C153,VGLGIC*YDMR,0.5848816666107279,0.5806779042748906,0.6729244504459141,0.5577199560407938,0.5990509943430816,4
Q7Z5K2_C685,WAPL_C685,C*AMPSFR,0.5717400310860243,0.7355775081672673,0.5022828571337105,0.5650387237825933,0.5936597800423988,4
P21333_C1453,FLNA_C1453,C*SGPGLSPGMVR,0.5106922252744173,0.5759664182450961,0.3017497323671459,0.9512775993843948,0.5849214938177635,4
Q6PJ69_C112,TRIM65_C112,C*VCSVCTVR,0.3515137851885369,0.5060196251474839,0.3452341348517991,1.0953527530873106,0.5745300745687827,4
Q9UHD8_C531,SEPTIN9_C531,WGTIEVENTTHC*EFAYLR,0.5792241081347557,0.28674757384779936,1.006851262199892,0.4125634090519974,0.5713465883086111,4
Q9BWT1_C339,CDCA7_C339,C*ATGVLVYLAK,0.4603092761518045,0.4582144688071479,0.8420348260380217,0.5067390441628852,0.5668244037899648,4
P51532_C423,SMARCA4_C423,QEVVVC*MR,0.49591563973197195,0.45155624660546734,0.7762055973685592,0.5256584409220989,0.5623339811570243,4
Q96JH7_C219,VCPIP1_C219,SQECLIPVHVDGDGHC*LVHAVSR,0.5066718140405125,0.5694097607255452,0.5664889017260447,0.6032613473362113,0.5614579559570785,4
Q96L50_C266,LRR1_C266,LDDNELIQFPC*K,0.3533050603258281,1.1303268785566924,0.46106064626287,0.3004375850305021,0.5612825425439731,4
Q9Y228_C256,TRAF3IP3_C256,SLENQLYTC*TQK,0.46065074181402643,0.4872022904429314,0.5279866334643072,0.768318723747105,0.5610395973670925,4
Q9Y678_C230,COPG1_C230,SPFAYC*MMIR,0.27798819853475754,0.24205993458042363,0.48837008719503655,1.2134655523567293,0.5554709431667367,4
Q12830_C1357,BPTF_C1357,LASADDIGTLIC*K,0.3473657630764835,0.3494360679123358,0.38910573531422815,1.13080965073344,0.5541793042591219,4
P10398_C125,ARAF_C125,C*QTCGYK,0.5847133336720945,0.9000467228498826,0.5656777219126696,0.15897542111485816,0.5523532998873761,4
P04049_C184,RAF1_C184,VPTMC*VDWSNIR,0.9726755476539573,0.367517400797457,0.3111389363641668,0.5522397796020456,0.5508929161044067,4
P41440_C220,SLC19A1_C220,C*ETSASELER,0.555941947281841,0.5347921792937712,0.34946063544775624,0.7307213755826562,0.5427290344015061,4
O95372_C213,LYPLA2_C213,TYPGVMHSSC*PQEMAAVK,0.5173117174925486,0.425467558884516,0.8146274461644634,0.4087986439093773,0.5415513416127262,4
P54198_C763,HIRA_C763,MLSVFSTC*GR,0.5178571387380845,0.744777082910217,0.419716688116167,0.4751352247330305,0.5393715336243747,4
P13667_C555,PDIA4_C555,DVLIEFYAPWC*GHCK,0.46578882958532186,0.4435441951298922,0.5700501423157202,0.6634634288178185,0.535711648962188,4
Q99832_C345,CCT7_C345,C*QVFEETQIGGER,0.40510337569471855,0.2952320976326636,0.4503993927201036,0.9676998460002231,0.5296086780119271,4
Q9UQ35_C872,SRRM2_C872,SC*FESSPDPELK,0.7431475266721886,0.2752149272128753,0.5196594465528214,0.5509449544895358,0.5222417137318552,4
P49591_C438,SARS1_C438,TIC*AILENYQTEK,0.3515138009030107,0.44024760533997387,0.41880600155730047,0.8582633507346169,0.5172076896337254,4
Q96T23_C118,RSF1_C118,GYLEMSVEC*K,0.4128331303701297,0.5770973154510863,0.2546438718751894,0.8129602840166328,0.5143836504282595,4
Q9UK73_C186,FEM1B_C186,AHC*GATALHFAAEAGHIDIVK,0.45094100892554634,0.45609455076904626,0.437410985077737,0.7129361520730498,0.5143456742113448,4
Q9Y696_C43,CLIC4_C43,IGN[0.9840]C*PFSQR,0.26518622372417644,0.28618363748047343,0.37213121367321406,1.125522719561855,0.5122559486099297,4
Q9H307_C249,PNN_C249,MC*PATQK,0.3732398101405729,0.40914151140736144,0.5302792796988876,0.734170336879111,0.5117077345314832,4
Q92771_C369,DDX12P_C369,AC*PYYGSR,-0.14363745068084527,-0.03517345645823008,1.960755950057167,0.25082997623463205,0.508193754788181,4
Q9BSC4_C16,NOL10_C16,IYSLSC*GK,0.5900235470221523,0.44620758164649743,0.5073055369167768,0.48464787947815546,0.5070461362658956,4
Q9H9A5_C665,CNOT10_C665,C*LHQAASMIHPK,0.6369317851543628,0.46869550436960195,0.50959018545299,0.4005742070437564,0.5039479205051778,4
Q86XP3_C339,DDX42_C339,ELC*QQIHAECK,0.5168606882047326,0.5220728649261486,0.4668515366008031,0.5038464781015582,0.5024078919583106,4
Q9H2P0_C79,ADNP_C79,TKPFCCSAC*PFSSK,0.3818032645666535,0.2887875192607367,0.7715929355905962,0.5588666423454443,0.5002625904408575,4
O95905_C267,ECD_C267,C*LYAQLVQQR,0.2774860603667019,0.5375695116623499,0.5526121126512112,0.6301931234972362,0.4994652020443747,4
Q9UJX3_C225,ANAPC7_C225,AISTIC*SLEK,0.5463689765141012,0.3643648626902948,,0.5768878330739525,0.49587389075944943,3
Q86W42_C35,THOC6_C35,LHMTIFSQSVSPC*GK,0.41179995053554835,0.5090613277278535,0.5859806226464747,0.47060265172741667,0.49436113815932325,4
Q9UBF2_C230,COPG2_C230,SQFAYC*MLIR,0.36474692505561035,0.49349366515547544,1.1194909726230655,-0.00575706791243342,0.4929936237304294,4
P00352_C303,ALDH1A1_C303,SPCIVLADADLDNAVEFAHHGVFYHQGQCC*IAASR,0.4648731335929042,0.5103578256176238,0.49627822943829625,,0.4905030628829414,3
Q5XUX1_C240,FBXW9_C240,VC*SGSWDSTVK,1.0787397851884637,0.38501674474463804,0.45100353840968244,0.03845235563784109,0.4883031059951563,4
O75367_C283,MACROH2A1_C283,FVIHCNSPVWGADKC*EELLEK,0.6482029284776116,0.36059826214626756,0.4184160291401495,0.5104134206906511,0.48440766011367,4
P38646_C608,HSPA9_C608,MEEFKDQLPADEC*NK,0.4685423861088918,0.4273730810186173,0.5823013106916257,0.45364604414346094,0.4829657054906489,4
Q9Y2I7_C421,PIKFYVE_C421,WLDC*VSHHDQLFR,0.2679863643961181,0.3000392707584957,0.468908127858026,0.8837044505626197,0.48015955339381483,4
Q8NFH4_C96,NUP37_C96,FC*TSAADMK,0.24164077753508711,0.3355058031462269,1.0470037260217222,0.29199170437702704,0.47903550277001583,4
O95155_C113,UBE4B_C113,SQSMDIDGVSC*EK,0.3666893306881067,0.5657023556796908,0.5523643313050164,0.426918364672106,0.47791859558622996,4
Q14141_C269,SEPTIN6_C269,QYPWGTVQVENEAHC*DFVK,0.4049662513864033,0.3389863150632672,0.5453989847633616,0.6216787366243959,0.477757571959357,4
Q9BUQ8_C519,DDX23_C519,MGC*EIVIATPGR,0.142144311301606,0.20732497760806629,0.5818355925953813,0.979199198659233,0.47762602004107163,4
P04053_C155,DNTT_C155,ISQYAC*QR,0.8819721260621664,0.20606119241514137,0.5593257387160419,0.2532323382670497,0.47514784886509975,4
Q5T4S7_C1662,UBR4_C1662,LC*TFTITQK,0.0006843286223936184,0.10342308674957375,1.321792428593756,0.4680887773178145,0.47349715532088443,4
P60604_C89,UBE2G2_C89,VC*ISILHAPGDDPMGYESSAER,0.2947550687569526,0.4596732496605261,0.5790233116853085,0.5563915667830222,0.4724607992214523,4
P51812_C436,RPS6KA3_C436,EDIGVGSYSVC*K,0.44941051944464144,0.23574534336142877,0.32562469677717165,0.878947186952531,0.47243193663394323,4
Q13315_C1396,ATM_C1396,ATFAYISNC*HK,0.5638380290451803,0.4014626311224281,0.49139422739715977,0.4327183986339709,0.47235332154968473,4
Q8IWY9_C1071,CDAN1_C1071,QFLC*PPAEQHLAK,0.3065167777440378,0.5059476877328325,0.5716925888950863,0.49874307400014606,0.47072503209302563,4
P17980_C387,PSMC3_C387,C*TDDFNGAQCK,0.34887873142756287,0.3711007543915172,0.5538795526224849,0.5918392645274659,0.4664245757422577,4
P07339_C329,CTSD_C329,AIGAVPLIQGEYMIPC*EK,0.993343989410333,0.5145988496110357,0.2353000824101439,0.12154078937806512,0.4661959277023944,4
P52306_C560,RAP1GDS1_C560,YNSMVLIC*ALMGSECLHK,0.478912771358667,-0.00512609590013576,0.99564183291278,0.3926026564705092,0.4655077912104551,4
P30876_C177,POLR2B_C177,DLCELNEC*PLDPGGYFIINGSEK,0.3768738954656521,0.6364944125662256,0.4802164039098048,0.3605725135814726,0.4635393063807887,4
A8CG34_C438,POM121C_C438,IREEELC*HHSSSSTPLAADKESQGEK,0.27219848534746677,0.6596461329886445,0.5250393528287604,0.39241215753998215,0.46232403217621343,4
Q9UI10_C437,EIF2B4_C437,AHNVPVLVC*CETYK,0.7947320566633838,0.43520365231030544,0.07028181015934565,0.5469114115753215,0.4617822326770891,4
Q9H0D6_C557,XRN2_C557,YYYQGC*ASWK,0.504115466029831,0.30911576158701265,0.6811024079390848,0.346776927679062,0.4602776408087476,4
O95248_C570,SBF1_C570,NC*ISYVFEGK,0.3657153068000578,0.4805401250733117,0.8607175006280786,0.13198236699180227,0.4597388248733126,4
Q9UKN8_C257,GTF3C4_C257,MEWSGIC*TTQQVK,0.5706416922220148,0.018488225526691132,0.9207406179976199,0.3287831091856603,0.45966341123299653,4
P51649_C340,ALDH5A1_C340,NTGQTC*VCSNQFLVQR,0.41151963811596437,0.4406057383982138,0.445084708828534,0.5029700332997589,0.4500450296606177,4
P51003_C293,PAPOLA_C293,QPEEC*NLNLPVWDPR,0.4145984037525525,-0.10677060021318166,1.0405027769347106,0.4496616421304935,0.44949805565114376,4
Q14004_C840,CDK13_C840,C*SNILLNNR,0.5659591260375251,0.38327383910540763,0.30350011486210005,0.5228707492559039,0.4439009573152342,4
P63244_C249,RACK1_C249,YWLC*AATGPSIK,0.4219011655825069,0.6270070160732313,0.29203189997527024,0.433481077018725,0.44360528966243334,4
Q99714_C91,HSD17B10_C91,VDVAVNC*AGIAVASK,0.8271791848049008,0.19597828980424745,0.27138708192892474,0.4649887621979188,0.4398833296839979,4
B0I1T2_C942,MYO1G_C942,GQDDLVVC*LHR,-0.039479190938105035,-0.1501851068808629,0.19653241112160746,1.7486270869373652,0.4388738000600012,4
Q9NXF1_C454,TEX10_C454,DC*SWIEMIR,0.3169470862217769,0.2587009043494112,0.5150603440061047,0.6625022018552251,0.4383026341081295,4
Q9NYL9_C231,TMOD3_C231,C*FSLAATR,0.5682990899465796,0.40458899982791563,0.5787923462742438,0.20059273632175154,0.43806829309262263,4
Q15649_C34,ZNHIT3_C34,VPYCSVVC*FR,0.33201591776774453,0.253084427347514,0.37183073907125164,0.7903116036223793,0.43681067195222234,4
Q96G25_C31,MED8_C31,NSLGSFIC*K,0.4121682130552946,0.4909978521524079,0.4593500652862156,0.3744209237659605,0.43423426356496964,4
P13196_C263,ALAS1_C263,VC*GAVMDTLK,0.8688462870819871,0.28062169162710215,0.4844574776274529,0.1022877961790032,0.4340533131288863,4
P00491_C31,PNP_C31,HRPQVAIIC*GSGLGGLTDK,0.4317076641223031,0.43423965208082416,0.49842231270179826,0.3710881953484063,0.4338644560633329,4
P40763_C259,STAT3_C259,QQIACIGGPPNIC*LDR,0.4764819564303381,0.3705224838077452,0.3980990846142919,0.48689810356055774,0.43300040710323323,4
Q00796_C45,SORD_C45,MHSVGIC*GSDVHYWEYGR,0.363434720983946,0.5012217609346847,0.6490089879306583,0.2157801846085024,0.43236141361444785,4
Q96A33_C215,CCDC47_C215,VCC*EGMLIQLR,0.504302861661028,0.3310847211273814,0.3328498877124183,0.554161338009798,0.4305997021276564,4
Q8NF50_C121,DOCK8_C121,DC*VQTYIR,0.2865349192670086,0.417376629808753,0.24275951273032492,0.7737897621777451,0.43011520599595787,4
Q9HAV4_C44,XPO5_C44,C*PICVPCGLR,0.4027604000652707,0.40056120619525487,0.5923662839112069,0.31894141774944507,0.42865732698029435,4
O95336_C32,PGLS_C32,AAC*CLAGAR,0.4071345731108755,0.3878654808506826,0.45972064561552756,0.4558488086738509,0.4276423770627341,4
P00390_C102,GSR_C102,LGGTC*VNVGCVPK,0.3499343255463236,0.26875510814862935,0.34942108421007195,0.7373176440773122,0.42635704049558426,4
Q96SK2_C295,TMEM209_C295,FQYQLAC*R,-0.13804691066458635,0.49147673391482166,0.5693125768300429,0.7608287561412073,0.4208927890553713,4
Q9NS86_C248,LANCL2_C248,C*PLLYQWHR,0.19017070664739874,0.512122076087527,0.5595618252203554,,0.42061820265176036,3
Q8NI27_C1044,THOC2_C1044,FLC*CMLETVTR,0.3651587242158744,0.05607719052265003,0.6889737513123004,0.5717982324234382,0.42050197461856575,4
Q13485_C523,SMAD4_C523,ETPC*WIEIHLHR,0.8365983065324093,0.4526917115454969,0.17654258509244708,0.2089072046166853,0.4186849519467596,4
Q9HBH1_C108,PDF_C108,C*VGLSAPQLGVPR,0.4993325066508625,-0.01099417464721679,0.4125350310365309,0.7722799331962036,0.418288324059095,4
P35754_C23,GLRX_C23,VVVFIKPTC*PYCR,0.25547734629345964,0.4328646880544791,0.46593449434349177,0.5130600610019391,0.4168341474233424,4
Q63HN8_C3365,RNF213_C3365,NC*LTNTAK,0.085392060552411,0.21689162274808152,0.5219450714450381,0.8370351956729042,0.41531598760460864,4
P22307_C94,SCP2_C94,AIYHSLGMTGIPIINVNNNC*ATGSTALFMAR,0.30434719494640977,0.5919145828248176,0.5118593282340433,0.23833189996370077,0.41161325149224287,4
Q5T4S7_C3414,UBR4_C3414,C*FLLESNSSSVR,0.48637141512649235,0.17118672577480204,0.4468391001158305,0.5326968087420348,0.40927351243978993,4
P49336_C291,CDK8_C291,NTYTNC*SLIK,0.322259639339341,0.42963059741701864,0.4173759859184942,0.4619619835635374,0.4078070515595978,4
O75410_C715,TACC1_C715,C*AQDYLAR,0.14295868071193146,0.5716591469986676,0.7643647293271769,0.1518020833183064,0.4076961600890206,4
P38606_C277,ATP6V1A_C277,YSNSDVIIYVGC*GER,0.20273607179047848,0.353514937433071,0.4869391584993986,0.5836450667543394,0.40670880861932185,4
Q86VP6_C237,CAND1_C237,TYIQC*IAAISR,0.36039327785217534,0.1903066705508522,0.4989594689886996,0.5739015080065087,0.4058902313495589,4
P57737_C325,CORO7_C325,QALAVMSC*EVLR,0.4766432530204158,0.2946565033130562,0.4798699196049145,0.3528394076819905,0.40100227090509427,4
P50991_C337,CCT4_C337,DIEREDIEFIC*K,0.327513195904107,0.0731571658883115,0.5292176434185557,0.6618258666007719,0.3979284679529365,4
P22061_C95,PCMT1_C95,ALDVGSGSGILTAC*FAR,0.389423783109879,0.3576346881514408,0.577716284984488,0.2465417984531856,0.39282913867474833,4
Q12768_C385,WASHC5_C385,WLMLHTADSAC*DPNNKR,0.32232344498771603,0.24590032069811746,0.4317665989242271,0.5661977148966783,0.3915470198766847,4
Q9BRA2_C43,TXNDC17_C43,SWC*PDCVQ[0.9840]AEPVVR,0.2803628532207846,0.30082584993362305,0.45646836389811074,0.5263558665617346,0.39100323340356324,4
O95347_C326,SMC2_C326,NLAC*EESK,0.4526766107437175,0.09300870503510196,0.6704815328651104,0.34321581249503097,0.3898456652847402,4
Q9BPW8_C138,NIPSNAP1_C138,FSGGYPALMDC*MNK,0.35935437942881143,0.3994078171051004,0.4422387634362296,0.3569713343073725,0.38949307356937846,4
O75794_C212,CDC123_C212,C*IQDFFK,-0.15806181576216516,-0.0513045963560399,1.282492479873822,0.48203970214833025,0.3887914424759868,4
Q04727_C32,TLE4_C32,FTISESC*DR,0.36283114453574905,0.17542437217259146,0.3740030854526859,0.6404478459632096,0.38817661203105897,4
P10586_C615,PTPRF_C615,VMC*VSMGSTTVR,0.9533673600086623,0.5058494643591785,-0.12870949357516065,0.18534111256968835,0.3789621108405921,4
Q8WW01_C13,TSEN15_C13,GDSEPTPGC*SGLGPGGVR,0.45097667143295495,0.28184751145399917,0.4969226069343661,0.2853060037906353,0.3787631984029889,4
Q2TAY7_C448,SMU1_C448,EGGDFVCC*ALSPR,0.4729955608007909,0.5700520968957565,0.39909613025884005,0.06850441205685422,0.37766205000306047,4
P26639_C254,TARS1_C254,C*GPLIDLCR,0.3464282454806533,0.2508304098438254,0.5602714858992567,0.3437874016097965,0.3753293857083829,4
P09884_C691,POLA1_C691,MIC*DVEISAK,0.25692735029473235,0.018908691412375996,0.793409426168578,0.43130452045084944,0.3751374970816339,4
O95861_C59,BPNT1_C59,LAQMSIC*SSLAR,0.3017448490188863,0.3535478648508604,0.2947298321580571,0.5483916791965114,0.3746035563060788,4
P27816_C635,MAP4_C635,C*SLPAEEDSVLEK,0.6792533934592577,0.5749117609620088,-0.020036368957271105,0.25987095950623884,0.3734999362425585,4
P28340_C1015,POLD1_C1015,NCCIGC*R,0.4432598776036661,0.5417063715817234,0.37795265074200624,0.12900923389858546,0.3729820334564953,4
Q7KZF4_C296,SND1_C296,C*VDWSIAVYTR,0.521655547996273,0.47653040641879374,0.3567880316166803,0.12863252037850925,0.37090162660256404,4
P30101_C57,PDIA3_C57,FFAPWC*GHCK,0.262867487015308,0.6062795917183732,0.5627884091744467,0.05057098251162994,0.3706266176049394,4
Q96HR3_C34,MED30_C34,EVNTASLC*R,0.4154459862306898,0.35076953399577826,0.1477128219293058,0.5649853642826403,0.36972842660960353,4
Q96HS1_C168,PGAM5_C168,HLPGVC*K,0.06400097075625062,0.3394440497333834,0.6535404954383831,0.42191149591779004,0.3697242529614518,4
P63244_C138,RACK1_C138,LWNTLGVC*K,0.5675806031615518,0.3213424094895583,0.4229281154172142,0.14911338656011866,0.3652411286571107,4
Q9Y2S7_C143,POLDIP2_C143,DC*PHISQR,0.575383901396793,1.2078484422082236,0.56328612870524,-0.8905531736482175,0.3639913246655097,4
Q9UPN9_C461,TRIM33_C461,FHC*DPTFWAK,0.3378022237962377,0.12444731428232941,0.3930423576964879,0.5843231310475465,0.35990375670565034,4
Q9ULU4_C106,ZMYND8_C106,EGQVLCCELC*PR,0.029052113287692416,0.37422071085312286,0.8912600973677174,0.13998609806139567,0.35862975489248206,4
Q09161_C409,NCBP1_C409,LDTMNTTC*VDR,0.4161049937385652,0.35619669986534935,0.2034622276224761,0.4577773859060241,0.3583853267831037,4
Q9BW27_C603,NUP85_C603,C*LEDLTSR,0.5308006558207222,1.1562148828356282,-0.688527169317546,0.43465927563877005,0.3582869112443936,4
Q9NWQ8_C355,PAG1_C355,SPSSC*NDLYATVK,0.40178232175398265,0.40820004440893226,0.2578046753314861,0.3621333825994428,0.3574801060234609,4
Q15345_C123,LRRC41_C123,TRPSSLESVTC*WR,-0.17537488704659354,-0.40585062891077417,-0.00038702804992002404,1.9974573189115883,0.35396119372607515,4
O60508_C366,CDC40_C366,LWDTETGQC*ISR,0.24489061778125437,0.3686652450535261,0.3738851028396615,0.4161833944402936,0.3509060900286839,4
Q9Y2X7_C34,GIT1_C34,GVLVCDEC*CSVHR,0.0879515938453138,-0.2349550421915259,0.08527939767757567,1.4610214879984504,0.3498243593324535,4
P45974_C816,USP5_C816,YQLFAFISHMGTSTMC*GHYVCHIK,0.28764066567961116,0.02664028177908295,0.660455795540187,0.4149930410785892,0.34743244601936757,4
Q63HN8_C3084,RNF213_C3084,DQEYTQLC*R,0.2543873976386111,0.4891732441552625,0.18218837156752438,0.4629079805160214,0.34716424846935484,4
Q6DCA0_C153,AMMECR1L_C153,GC*IGTFSAMNLHSGLR,0.34365716373257205,0.31820613370851103,0.2636788242006624,0.45956119392826894,0.34627582889250363,4
Q86WR0_C83,CCDC25_C83,ANSIQGC*K,0.33242478571233264,0.25636664629620887,0.2745632810735055,0.5111366189348974,0.3436228330042361,4
Q96FX7_C209,TRMT61A_C209,FCSFSPC*IEQVQR,0.2990754637349041,0.3683298109384411,0.36155002790455726,0.3098948471595221,0.33471253743435614,4
Q9Y6J9_C122,TAF6L_C122,GC*AETAVR,0.5206526074523613,,0.10947711548902188,0.37162192486232515,0.3339172159345694,3
Q9BX63_C350,BRIP1_C350,AC*PYYTAR,0.5549412632898999,0.10219198668456397,0.33770314994420964,,0.33161213330622447,3
Q8TD19_C623,NEK9_C623,LLTFGC*NK,0.33096965552696567,0.1928968815631228,0.46046152082709835,0.3325732500019817,0.3292253269797921,4
Q8N1G4_C224,LRRC47_C224,TLDLSNNQLSEIPAELADC*PK,0.2894894344623609,0.015870144733216983,0.35605993399805796,0.6390712734802992,0.32512269666848376,4
Q5VWN6_C847,TASOR2_C847,C*SADSLLETNEISR,-0.020695792849665138,0.3731456670036344,0.23436488107045206,0.7091894327433959,0.3240010469919543,4
Q8IXW5_C105,RPAP2_C105,LCGYPLC*QK,0.07720836724253463,0.46858688156425,-0.05562903090616046,0.7920541960784886,0.3205551034947782,4
Q8N201_C1433,INTS1_C1433,SHFLAC*PLLR,0.2560551750265906,0.4177040253456923,0.3664407932522963,0.23979577669089575,0.31999894257886874,4
Q9Y485_C2618,DMXL1_C2618,C*LNEIEADLGYPGGK,0.49645653013843677,-0.050878169451478765,0.11530675931386242,0.7018001207773722,0.31567131019454814,4
Q9NV56_C59,MRGBP_C59,HFHMIC*IR,0.32444298513683467,0.13987929658682288,0.5476799537548882,0.24731798494646656,0.3148300551062531,4
Q9BY49_C191,PECR_C191,SLALEWAC*SGIR,0.25543851732641837,0.017700263531390814,0.42848114658550085,0.5540061042772799,0.31390650793014746,4
O43865_C317,AHCYL1_C317,QVVVC*GYGEVGK,0.5822806992810108,0.12292150917960562,0.1658057599341588,0.37768981411399627,0.3121744456271929,4
P11216_C326,PYGB_C326,TC*FETFPDK,0.05934115978532535,-0.0948003193838162,0.33737078015151944,0.940888507142786,0.3107000319239537,4
Q8WY54_C157,PPM1E_C157,YNC*PSFLAAALAR,0.00878438926703289,0.45368515198044335,0.3689553906965394,0.4069670978777692,0.3095980074554462,4
Q92973_C142,TNPO1_C142,LC*SLLDSEDYNTCEGAFGALQK,0.24594549175574937,-0.005211785872293817,0.3362135578126377,0.6454496574186402,0.30559923027868335,4
Q96JM3_C194,CHAMP1_C194,SVPVC*ESQK,0.2650914849240891,0.27171933386691405,0.3880682775566329,0.28961508726551743,0.3036235459032884,4
Q96T76_C747,MMS19_C747,ELLELSCC*HSCPFSSTAAAK,0.40662270385853316,0.22397354929621582,,0.26793994461883763,0.29951206592452884,3
P61081_C65,UBE2M_C65,LVIC*PDEGFYK,0.24780483933951208,0.8253872053291694,0.16020843149590394,-0.0435545348009794,0.29746148534090155,4
Q96MX3_C288,ZNF48_C288,FVLSC*SLLSHQR,0.3732335695303599,0.5653638369544515,0.11778036890277782,0.1277964784886334,0.29604356346905564,4
Q92979_C66,EMG1_C66,TYELLNC*DK,0.1978522900247634,0.47641433701467756,0.4125792789439416,0.09041468363892373,0.2943151474055765,4
Q5T4S7_C3930,UBR4_C3930,QLMC*LLTR,0.2073426643307763,0.19410681314835226,0.5929078500880802,0.16417760303528203,0.2896337326506227,4
Q9UGU0_C1328,TCF20_C1328,NC*PAVTLTSPAK,0.23859745636174226,-0.042758972699149536,0.8945669879183611,0.06220049362532064,0.28815149130156864,4
P21283_C376,ATP6V1C1_C376,IDC*NLLEFK,0.5279458412697255,-0.31816227295242117,0.43460252345733447,0.507915831849322,0.2880754809059902,4
Q6P996_C206,PDXDC1_C206,VPC*NTVFGSQHQMDVAFLEK,0.313179487796722,0.4594057271986192,0.08733059064698859,,0.28663860188077656,3
Q15021_C767,NCAPD2_C767,VACC*PLER,0.37594794299607026,0.345814668601557,0.2489664213940448,0.166313281989767,0.28426057874535976,4
Q8WXH0_C2993,SYNE2_C2993,C*CILQVLK,0.27445109815256313,0.35190544147694164,0.3799929031946617,0.12117777507489592,0.2818818044747656,4
Q02252_C317,ALDH6A1_C317,C*MALSTAVLVGEAK,0.2703166003927934,0.4802163381559328,0.15637358661887324,0.2181587720189419,0.28126632429663534,4
P42166_C330,TMPO_C330,DIVENIC*GR,0.19024064976795224,0.48291194539544335,0.12335433413030676,0.32371464471691547,0.28005539350265446,4
P53041_C404,PPP5C_C404,GVSC*QFGPDVTK,0.5153940188400272,-0.05989927443937576,0.009483017291746058,0.6482656286889639,0.2783108475953403,4
Q709C8_C1094,VPS13C_C1094,LNAFC*VIVCNEK,0.4015080597380527,0.5267439817527383,0.26433148900333486,-0.09299576273170812,0.27489694194060443,4
Q5VWQ0_C282,RSBN1_C282,EVQTVC*AGLTR,-0.3479727053117928,1.2207092529788457,0.2514382494492768,-0.03636244950062095,0.2719530869039272,4
Q9UGR2_C940,ZC3H7B_C940,DMLLC*PR,0.5052460493087233,-0.44577325017342484,0.7644320579046648,0.2478713192809554,0.26794404408022965,4
Q9NYH9_C309,UTP6_C309,C*CAVYEEAVK,0.2022477534687178,-0.31025843460523556,0.37724072039858136,0.780880333876021,0.26252759328452113,4
Q9Y4B4_C820,RAD54L2_C820,AGC*LGVNLIGANR,0.2644891326682077,-0.10173297480175725,0.6250644478087308,0.25267929023820973,0.2601249739783478,4
Q8TB52_C555,FBXO30_C555,C*PLAYYGCTYSQR,0.27303718702033575,0.13257785926949292,0.3686460640766979,,0.2580870367888422,3
Q14839_C493,CHD4_C493,C*TCPALK,-0.004306589621056712,0.21472109421946692,0.40783501815684914,0.4104957342235228,0.2571863142446955,4
Q14469_C128,HES1_C128,FLSTC*EGVNTEVR,-0.009738982761443919,0.7924184540240015,-0.12442176640408976,0.36835658684426614,0.25665357292568347,4
O43422_C68,THAP12_C68,HFETSMIC*R,-0.043942152574621,0.6633857838511266,0.5546212865091446,-0.17167685878240296,0.2505970147508118,4
Q5VZ89_C126,DENND4C_C126,C*ANVNNSSTTSQR,0.22182058669973956,0.05017396864226437,0.26228491067290766,0.45903362832376754,0.2483282735846698,4
Q04760_C61,GLO1_C61,C*DFPIMK,0.19304296942490645,0.1766114554455865,0.2625412186212488,0.3276170565033825,0.23995317499878105,4
Q7Z7L1_C126,SLFN11_C126,LC*SLSSSLYR,0.36937249868546546,0.13298663735842878,0.33777867785573923,0.09264182603882688,0.23319490998461506,4
Q9NQX7_C96,ITM2C_C96,C*GVLYEDSLSSQVR,0.033334103460755056,0.38852673223624534,-0.5545729836781317,1.0488778721525307,0.22904143104284985,4
Q92610_C463,ZNF592_C463,ASDSSSPSC*SSGPR,0.2400672064088756,0.30512421693672637,0.3496296271567506,0.013446379810251588,0.22706685757815104,4
O15235_C64,MRPS12_C64,GVVLC*TFTR,0.4566901762605561,0.3210789386691959,0.2767498870710932,-0.17216665487020694,0.22058808678265956,4
Q9Y6D9_C662,MAD1L1_C662,LTSLYAEHPGDC*LIFK,-0.2686936075294756,0.18619768163450146,0.42088324001771477,0.5426880574511429,0.22026884289347087,4
Q6UB35_C906,MTHFD1L_C906,QGFGNLPIC*MAK,0.15305616463655208,0.22377734693523527,0.1464046459315024,0.3428653224928746,0.21652586999904108,4
Q6FI81_C274,CIAPIN1_C274,SAC*GNCYLGDAFR,0.19859181638117596,0.222373157545911,0.49126175688734525,-0.055932569983242586,0.21407354020779737,4
P29353_C169,SHC1_C169,YMGC*VEVLQSMR,0.24821322979813565,0.2802468744825763,0.18319572032442322,0.13539397519489396,0.2117624499500073,4
Q9Y620_C63,RAD54B_C63,IC*SLNLPSEESTR,-0.27490401809255105,-0.2971328717422125,0.39706797602405114,1.0160565635486953,0.21027191243449572,4
O94762_C427,RECQL5_C427,YFGDALPAC*AK,-0.073396071420553,-0.1386440302328127,0.10445206755613584,0.9385860555818742,0.2077495053711611,4
P07237_C397,P4HB_C397,NVFVEFYAPWC*GHCK,0.2218229153976558,0.1938245243317161,0.2493468263078627,0.1423967249609105,0.20184774774953626,4
Q9UBB9_C445,TFIP11_C445,EWDPLKDC*TYGTEIISK,0.1534782768976224,0.005975699043953328,0.40765015029616314,0.23686659978092856,0.20099268150466681,4
P61011_C136,SRP54_C136,TCLIC*ADTFR,-0.2468603197350699,0.03859585149236178,0.8126369230801843,0.16169471070225233,0.1915167913849321,4
P28838_C313,LAP3_C313,ADMGGAATIC*SAIVSAAK,0.39866607089491746,0.43863882649253233,-0.07988770323116604,-0.007501660856252518,0.18747888332500778,4
P08047_C609,SP1_C609,EACTCPYC*K,0.17262313950632485,0.18256711902114334,0.5573733648536942,-0.1697787268644644,0.18569622412917447,4
P18433_C743,PTPRA_C743,TGTFC*ALSTVLER,0.11485498231759295,,0.30577899506946166,0.13316573539242102,0.1845999042598252,3
Q96EK6_C128,GNPNAT1_C128,VEDVVVSDEC*R,0.12555473014767063,0.1649836277005423,,0.2628167453706555,0.18445170107295614,3
Q6GYQ0_C1765,RALGAPA1_C1765,AVEQDEPIPQKPQSAFYYC*R,-0.11014924230248391,0.20767242302848088,0.44051880507224,,0.17934732859941233,3
P22307_C102,SCP2_C102,AIYHSLGMTGIPIINVN[0.9840]NNC*ATGSTALFMAR,0.6531026661324129,0.16967285135753943,-0.3961749039510232,0.2815695571247658,0.17704254266592367,4
Q9NTI5_C732,PDS5B_C732,YAIHC*IHAIFSSK,0.09492109251361859,0.08856699236754825,0.06132636090682971,0.45248508410149657,0.1743248824723733,4
Q14690_C151,PDCD11_C151,C*VVSSLGITDR,0.011410180038485557,-0.4525109374574779,0.6553812455355904,0.47384370842469553,0.1720310491353234,4
P78527_C458,PRKDC_C458,MQLVCC*R,0.4067133903362027,-0.2513123859776627,-0.02693242433866487,0.5559248673999464,0.17109836185495536,4
Q96G46_C282,DUS3L_C282,TC*GPLTDEDVVR,0.47391982480561773,0.03409103225179952,0.2895484393578094,-0.13232779830522556,0.16630787452750023,4
Q9UJX2_C442,CDC23_C442,MLVALGEC*YEK,-0.012887381269238586,0.22309919515538104,0.286601330255484,,0.16560438138054215,3
P82663_C141,MRPS25_C141,ECIC*EVEGQVPCPSLVPLPK,0.06905946943727273,-0.6872358409439564,0.8266632065223295,0.44161889829313267,0.1625264333271946,4
O75582_C631,RPS6KA5_C631,SLTC*TSAVEIMK,0.052852585043590375,-0.12046414388799957,0.7176430621315105,-0.008433781055475278,0.1603994305579065,4
P24928_C1245,POLR2A_C1245,INAGFGDDLNC*IFNDDNAEK,0.016160138046073965,0.3147440646803658,0.44659593925102886,-0.13730882672989228,0.16004782881189406,4
P22830_C395,FECH_C395,ALADLVHSHIQSNELC*SK,0.010700876498106653,0.18784905344117922,0.2032561359376742,0.22910704218647823,0.1577282770158596,4
P21580_C54,TNFAIP3_C54,TC*QFCPQFR,0.1974898331269175,0.15342694008696117,0.15090733712065693,0.10749518480257687,0.15232982378427815,4
Q13547_C273,HDAC1_C273,LGC*FNLTIK,-0.017967694805048527,0.2936996619989317,-0.07613648456162356,0.39932095709737025,0.14972910993240746,4
O14976_C190,GAK_C190,LC*DFGSATTISHYPDYSWSAQR,,0.420520279621152,0.38350628669205306,-0.3739501229950627,0.14335881443938078,3
O75323_C93,NIPSNAP2_C93,IC*QEVLPK,-0.013582953680206096,0.17822549620307207,0.11554362765351481,0.282014331078379,0.14055012531368993,4
P40938_C230,RFC3_C230,ALLMC*EACR,0.2930326395692315,0.03450614330249844,,0.08630211878255308,0.13794696721809432,3
Q13427_C10,PPIG_C10,C*FFDIAINNQPAGR,0.3545196421485693,0.3381807448804671,0.07529083758311433,-0.21649688691645902,0.13787358442392295,4
Q9H1B7_C38,IRF2BPL_C38,GC*VNYEGADR,0.3251191752634174,-0.064452289684672,0.032233767438023246,0.2446637575656406,0.1343911026456023,4
Q96KR1_C340,ZFR_C340,ISC*AGPQTYK,0.24896569777766134,0.07036125349789943,0.6523738832585025,-0.4436546285536337,0.13201155149510738,4
Q15102_C205,PAFAH1B3_C205,LGYTPVC*R,-0.08961436763676003,-0.011637062287570223,-0.0013426912319312453,0.6246347281943609,0.13051015175952485,4
Q9UHQ1_C99,NARF_C99,VLVVSVC*PQSLPYFAAK,0.1884498522717222,0.02724711963899879,0.1367915275301624,0.16446167339208081,0.12923754320824105,4
Q9Y217_C203,MTMR6_C203,C*SQPLSGFSAR,-0.07603876577599644,-0.3325040126380666,0.01339492196896308,0.9078986578825952,0.1281877003593738,4
Q9Y2R9_C191,MRPS7_C191,WMITEC*R,0.7316177659269096,-0.18884994537907604,0.014467319147957543,-0.060599417714830545,0.12415893049524013,4
Q96L91_C1820,EP400_C1820,C*GESLQDVIDR,0.0034324937694410196,0.09972096256103197,-0.170076300363758,0.5048986485228237,0.10949395112238468,4
Q7Z7A3_C299,CTU1_C299,ALC*QACALLDGLNR,-0.15480113459868466,-0.11725229570370112,0.17575952758435373,0.5262882496179754,0.10749858672498584,4
Q53GL7_C50,PARP10_C50,LGC*GGVLTFR,-0.23644041963513687,-0.0748739926398086,0.4208359639775252,0.32033203886979383,0.10746339764309337,4
O00629_C228,KPNA4_C228,NVTWVMVNLC*R,-0.7126624317131804,-0.28261632192161107,0.5415918846856951,0.8823581480038629,0.10716781976369164,4
P50748_C1173,KNTC1_C1173,QCQMDDC*GILMK,-0.02745082828766125,-0.140492417123173,0.2554180638520708,0.3370459582957922,0.10613019418425718,4
P30291_C143,WEE1_C143,C*GGPGDASPR,0.4939983332706448,0.13560298987818678,0.13039129941389563,-0.350217232759858,0.10244384745071729,4
P38606_C138,ATP6V1A_C138,WDFTPC*K,0.17449050190612173,0.055464658361247234,0.11366571183678555,0.06592703507518474,0.1023869767948348,4
Q14202_C1059,ZMYM3_C1059,DSMSSQPSC*TGLNYSYGVNAWK,-0.06364188776107663,-0.1730048088277273,-0.1655005951964289,0.806015489239026,0.1009670493634483,4
Q9Y4A5_C546,TRRAP_C546,QTFQVTDC*R,-0.07296165540291266,0.07633202819785004,,0.29793820811112404,0.1004361936353538,3
O43164_C48,PJA2_C48,HAYVSFKPC*MTR,0.07071206227789206,0.01083761011102682,0.37317474713325516,-0.05905917451818071,0.09891631125099834,4
Q15361_C73,TTF1_C73,IC*DETANATSTLK,-0.032529389115409625,0.2865281510965305,0.1329486820302721,0.006295427998108718,0.09831071800237541,4
Q63HN8_C2918,RNF213_C2918,GIC*SSDILVQDR,-0.06023324443143557,0.24977277333169257,0.47997423691577373,-0.30340999316399325,0.09152594316300937,4
Q14202_C574,ZMYM3_C574,TVYQFCSPSC*WTK,-0.5363727331293823,0.274340755109911,-0.31454993150125066,0.939262647443078,0.09067018448058903,4
Q8IY22_C363,CMIP_C363,NGCQQPC*DR,0.11271867892110501,-0.1892349119197393,0.5284746190552664,-0.10908088629183559,0.08571937494119912,4
O15067_C764,PFAS_C764,C*SGNWMWAAK,0.5267996101367373,-0.5942642223148658,0.4808203946269205,-0.08007139817391701,0.08332109606871875,4
Q96QE3_C909,ATAD5_C909,C*GIALGEFSTLNSK,-0.18559678457362885,0.3326362095445029,0.4054959777906276,-0.22817990832392357,0.08108887360939454,4
Q9Y5L0_C60,TNPO3_C60,QDVESC*YFAAQTMK,0.07276034596032027,0.03726407744383695,-0.03540274624571589,0.23852136390546297,0.07828576026597607,4
P16455_C145,MGMT_C145,GNPVPILIPC*HR,0.012582506326354326,0.06532892567948967,0.0363488600169067,0.13937825675366197,0.06340963719410317,4
P07237_C53,P4HB_C53,YLLVEFYAPWC*GHCK,-0.1447731647383043,0.08501642936964061,0.2721496374132393,0.04092896155631581,0.06333046590022284,4
Q96T88_C762,UHRF1_C762,AQVFSCPAC*R,-0.3664986301894997,-0.2865759349477486,0.221712634908311,0.6737551597065372,0.0605983073694,4
Q99961_C96,SH3GL1_C96,NPGYPQSEGLLGEC*MIR,0.3147117084467989,-0.13374302367694155,0.12631533961751445,-0.07212069672713865,0.05879083191505828,4
Q9Y2X0_C801,MED16_C801,C*GCVTMLK,0.08375377349008906,0.1856567339005953,-0.11060605165704653,0.06928274395906836,0.057021799923176554,4
Q9BSJ2_C656,TUBGCP2_C656,QLC*SVWISNK,0.33379725898319096,0.03214126399016601,0.2344585892939095,-0.3733787932083886,0.056754579764719454,4
P42345_C674,MTOR_C674,YC*VLASLDER,0.07908221323838208,-0.27884697765208044,0.20882226510061805,0.21462046315438504,0.055919490960326175,4
Q969R5_C110,L3MBTL2_C110,FC*SVSCSR,-0.07402341005836363,0.14719653871621272,0.1874295535815606,-0.04318093190621046,0.054355437583299804,4
Q15058_C471,KIF14_C471,FC*EDLFSQVAR,0.24569587938301768,-0.34843277470898704,0.10577554081483921,0.21279870206063053,0.0539593368873751,4
P24752_C126,ACAT1_C126,VC*ASGMK,-0.035532899377860416,0.007907929519313737,0.06818550954510462,0.13024181563900683,0.04270058883139119,4
P78527_C2244,PRKDC_C2244,TLVEC*WK,-0.023742157362514695,-0.5724986522142643,0.12756995723646916,0.6199870816472065,0.037829057326724175,4
Q9NTJ3_C158,SMC4_C158,DIQSC*TVEVHFQK,-0.628431247173262,-0.3134155877955685,-0.19159862372842368,1.2719488479421885,0.03462584731123364,4
P26583_C106,HMGB2_C106,RPPSAFFLFC*SEHRPK,-0.16063943232577516,0.20406242433135957,0.5734857440789634,-0.4853097805262223,0.03289973888958134,4
Q8TCG1_C445,CIP2A_C445,C*TTLIEQQFTYGK,0.14592748269997466,0.013245138534368232,-0.35282080775225044,0.3251076435182527,0.03286486425008629,4
Q14191_C171,WRN_C171,C*TETWSLNSLVK,-0.8370919586219514,0.3535785541064581,0.3596562751731362,0.25024477413645335,0.031596911198524064,4
Q58A45_C259,PAN3_C259,NPIGC*LADR,-0.12186449695016588,0.005855289968343979,0.20805302634802825,0.026879333781945316,0.029730788287037915,4
O96028_C1198,NSD2_C1198,CGASNC*SGFLGDRPK,0.03947650816137078,-0.2888243704873173,0.4951190545387151,-0.13351642665323088,0.028063691389884418,4
P09884_C1180,POLA1_C1180,AGDTVSYVIC*QDGSNLTASQR,0.06659377631225065,-0.04425804987739446,0.05470946692508606,,0.025681731119980747,3
O96011_C99,PEX11B_C99,ALYFAC*DNVLWAGK,0.36585664776354254,-0.14760155532820307,0.06983717431377792,-0.20191231075269941,0.021544988999104488,4
P22234_C185,PAICS_C185,SWLPQNC*TLVDMK,-0.26386824666544406,-0.1094305084420521,-0.40153912721073015,0.8543031346688296,0.019866313087650828,4
P61970_C114,NUTF2_C114,NINDAWVC*TNDMFR,0.21092545516124286,-0.05831885841940238,,-0.11003462172971923,0.014190658337373756,3
Q96T76_C286,MMS19_C286,LDSLQTLNACC*AVYGQK,0.6393499833933888,0.48593344823389395,-0.20092187822414878,-0.8681657989147586,0.014048938622093832,4
P35222_C520,CTNNB1_C520,NLALC*PANHAPLR,-0.18448487186022333,0.08917064965050048,0.3024958532728254,-0.1566144691944227,0.012641790467169955,4
Q70CQ2_C1731,USP34_C1731,IDDYEEEPILKPGC*K,0.0369819836002308,0.19745518725706046,0.1516293095293149,-0.3429519022319975,0.01077864453865214,4
Q9BSY9_C108,DESI2_C108,NC*NHFSSALSEILCGK,0.09816062485032649,0.02277805767335217,-0.0532788583621163,-0.051439559193322576,0.0040550662420599445,4
Q9NR30_C537,DDX21_C537,TGVC*ICFYQHK,-0.2955197144448693,0.16463307074756475,-0.17941116683415562,0.3203737730064017,0.002518990618735381,4
O00429_C300,DNM1L_C300,DC*LPELK,0.04820463763542344,-0.07684101711674463,0.36649151028765353,-0.33038360809842043,0.001867880676977976,4
Q9H3C7_C243,GGNBP2_C243,GYC*AALYEGLR,-0.40316453708384353,-0.28522970639300516,0.932633516293416,-0.2404916108055596,0.0009369155027518991,4
Q6SJ93_C351,FAM111B_C351,NYYFC*SLPR,-0.14033536422895215,-0.2862271222084918,0.2637233757782024,0.15387823942185247,-0.0022402178093472655,4
O00267_C626,SUPT5H_C626,SFAFLHC*K,-0.09731719419771694,0.11240853131482909,0.0633889204083192,-0.10300426413497464,-0.006131001652385826,4
P50748_C390,KNTC1_C390,C*LTEALPENR,-0.5337710298482446,0.652357907709497,-0.07171359565922528,-0.08267900614402962,-0.008951430985500643,4
Q9Y5B6_C831,PAXBP1_C831,AQNVINC*FPK,-0.1432066245638699,-0.31818242837526045,0.14749049343343004,0.22791922065460135,-0.021494834712774746,4
Q8TF40_C281,FNIP1_C281,SC*ASSYQR,-0.19225507400989567,-0.09727151217510892,0.31759368126361537,-0.11409960639688842,-0.02150812782956941,4
P31948_C417,STIP1_C417,DC*EECIQLEPTFIK,-0.24427519808594614,,0.03475363320613368,0.144569095939534,-0.02165082298009282,3
Q8WXH0_C1980,SYNE2_C1980,TELFC*QALAR,-0.4387336171361973,0.03806781779350194,-0.31193595280480935,0.5900811296820515,-0.030630155616363286,4
Q92538_C1430,GBF1_C1430,IFVEASLNGGC*K,0.05021102516718023,0.5379325012900064,,-0.6841214371178769,-0.03199263688689677,3
Q9BRS2_C264,RIOK1_C264,LNTAEIPC*PEPIMLR,-0.23516231594312603,0.0009957797801883961,-0.059654497230511166,0.16286963616126288,-0.03273784930804648,4
P11172_C174,UMPS_C174,LHSVC*TLSK,0.6602282565041797,0.01982637107364465,-0.28188556399512166,-0.5327964750492575,-0.033656852866638706,4
Q96RE7_C387,NACC1_C387,AQLMNC*HVSAGTR,-0.3749394551155203,-0.4603634742987271,-0.44561607837539163,1.1412571140667918,-0.034915473430711774,4
P23368_C441,ME2_C441,C*LFASGSPFGPVK,0.49673153098734585,-0.00813298110108426,-0.15433250976417948,-0.5266773595806404,-0.04810282986463958,4
Q9C0B7_C15,TANGO6_C15,QAVGSGAQETC*GLDR,-0.012751430188302344,-0.5552162383613146,0.41499639483973116,,-0.050990424569961945,3
Q96P70_C864,IPO9_C864,VSSVALC*K,-0.2012303946982397,0.25726510705532407,0.008641477476123793,-0.27232514458617635,-0.051912238688242046,4
Q9UBC2_C470,EPS15L1_C470,C*QDETQMISSLK,0.0029293282478781288,0.18192187019101083,-0.22200591344353973,-0.19933437335248183,-0.05912227208928315,4
Q8IY22_C738,CMIP_C738,SLC*SLNMNSTK,-0.7297716967934553,,0.4022809939294015,0.1497368877118186,-0.05925127171741175,3
Q6ZMZ3_C953,SYNE3_C953,SC*TLANNFAR,-0.07202071854987696,0.3551884205484941,-0.30023365845550276,-0.26884175621906786,-0.07147692816898837,4
P08133_C669,ANXA6_C669,ALLALC*GGED,-0.2807729881038771,-0.43660051111859094,0.14185549385044477,0.2758796765070645,-0.07490958221623968,4
Q15751_C94,HERC1_C94,MVC*SDSPFAGALR,-0.30472008724808414,,0.2578955090946798,-0.18088910114102805,-0.0759045597648108,3
P49790_C1065,NUP153_C1065,SASVAPFTC*K,,-0.5544847038184633,0.13398284284625123,0.050012522020029586,-0.12349644631739413,3
O94874_C372,UFL1_C372,FINDC*TELFR,-0.35501527506167263,-0.5955115652769881,0.085079176470394,0.35667185617492114,-0.12719395192333638,4
Q9NUD5_C178,ZCCHC3_C178,ICFQGDEGAC*PTR,-0.27493470853147034,-0.005412094565647452,-0.04006991452349097,-0.19150741928111498,-0.12798103422543095,4
P10398_C58,ARAF_C58,GLNQDC*CVVYR,-0.2086840666503739,0.11044523573079303,-0.615624772840025,0.14120315726118401,-0.14316511162460546,4
O95985_C691,TOP3B_C691,SYPLCPYC*YNHPPFR,0.023657751656190676,-0.39677290099521395,-0.2010343639325926,-0.015320354944306504,-0.1473674670539806,4
Q9ULK4_C225,MED23_C225,C*SLLPVVNNSGAICNSWK,0.04500303873110079,-0.078823805235737,-0.4346843965172034,,-0.15616838767394653,3
O14730_C171,RIOK3_C171,HDEVVC*GR,0.07401680791563316,-0.3683242365718604,,-0.18499203785630597,-0.15976648883751107,3
Q14683_C933,SMC1A_C933,HNLLQAC*K,-0.32888550488403273,-0.3267073169108834,-0.3938447973849282,0.409976254423237,-0.1598653411891518,4
Q9NUQ3_C480,TXLNG_C480,DLATPVMQPC*TALDSHK,-0.06718088572019687,-0.10884922747858647,-0.2632470264537561,-0.2046691662693858,-0.1609865764804813,4
O75925_C49,PIAS1_C49,AGC*SPAVQMK,0.016129525668230515,0.240221117185568,-0.16040030659285573,-0.7634841417948306,-0.16688345138347196,4
Q86XL3_C454,ANKLE2_C454,TPEDVIC*ER,-0.37877924447979394,,-0.1984470408360397,0.05349258197865963,-0.17457790111239135,3
O96011_C85,PEX11B_C85,FC*ITVSHLNR,-0.6360124673401373,0.20320639085398648,,-0.09308326326538577,-0.1752964465838455,3
P62495_C302,ETF1_C302,YC*FGVEDTLK,-0.5158646279006548,-0.10196229390171074,0.04647442186946483,,-0.1904508333109669,3
Q5T4S7_C1900,UBR4_C1900,VAMC*VLSSPHGR,0.07865249618620024,0.09028964999540263,-0.4611555704436057,-0.4882331127359372,-0.19511163424948502,4
A2RRP1_C269,NBAS_C269,ASSC*GLSAWR,0.07214700047314249,-0.2245664430716444,-0.31379166586351204,-0.3432441223750633,-0.20236380770926932,4
Q15269_C60,PWP2_C60,C*VGLSPDGR,-0.024192081450487037,,-0.6059116863396671,-0.0855991731318279,-0.238567646973994,3
Q9H583_C1237,HEATR1_C1237,C*LEPLPQEQGNMEYTK,,-0.06822126335106075,0.09925357149340619,-0.7984582945644614,-0.2558086621407053,3
Q9NXV6_C503,CDKN2AIP_C503,SSQESIVC*ELR,-0.5012258887292914,,-0.31655856831384227,0.02593842857188354,-0.26394867615708334,3
P51784_C526,USP11_C526,ISDLC*VALSK,,-0.6051600130374456,-0.29746478029430795,0.09226614203512379,-0.2701195504322099,3
O43172_C250,PRPF4_C250,MLATAC*WSGLCK,-0.2860541104997368,,-0.32480670823367835,-0.20602665864380287,-0.27229582579240597,3
Q96T88_C759,UHRF1_C759,AQVFSC*PACR,-0.9465006234102917,0.41688087803053364,-0.1794617512120701,-0.40445328051004786,-0.278383694275469,4
Q8N2K0_C52,ABHD12_C52,C*AADAGMK,-0.2451603989848719,-0.3988786083910264,-0.23747643116384398,-0.2947446643540371,-0.29406502572344484,4
P20585_C626,MSH3_C626,GLC*SIYHK,,-0.7488244785710602,0.11238080217570137,-0.256136121063702,-0.29752659915302027,3
Q6P3W7_C511,SCYL2_C511,VNSLVC*LGK,-0.24321393808168792,-1.2004655016011871,-0.31358870618666135,0.5535848848636972,-0.30092081525145975,4
O60934_C119,NBN_C119,FRIEYEPLVACSSC*LDVSGK,-0.1998271328228612,-0.39248455660045006,-0.3258767118081846,,-0.3060628004104986,3
O15269_C133,SPTLC1_C133,YGVGTC*GPR,-0.12394288683186538,-0.4350574177441083,-0.5717843778427346,-0.12524466880618432,-0.3140073378062232,4
P78559_C2385,MAP1A_C2385,AENEEAAAC*PAWER,-0.35016494608257115,-0.5345560306265478,0.052860045850770185,-0.4435938147476634,-0.31886368640150303,4
Q9H9E3_C25,COG4_C25,C*SEISAELIR,-0.40680996465448704,-0.6358140360939994,0.0734075923995321,-0.34982748500404987,-0.32976097333825105,4
Q8TCG1_C379,CIP2A_C379,EIFEDVIDAANC*SSADR,-0.1762768901186558,-0.9519831624585184,-0.49940207014955385,0.26119221322666963,-0.3416174773750146,4
Q6PGP7_C1031,SKIC3_C1031,LLC*STGEYDK,-0.2762696962779096,-0.5453934562388655,0.2394774756967631,-0.789254498620756,-0.342860043860192,4
Q9BUQ8_C543,DDX23_C543,C*TYVVLDEADR,-0.5020390421618671,-0.8433581404761707,-0.15943690079232498,0.12780702447682438,-0.3442567647383845,4
Q9P2D3_C870,HEATR5B_C870,C*AAGEALGR,-0.03148102745853221,-0.3792130185872197,-0.6955850321510085,,-0.36875969273225345,3
P49005_C83,POLD2_C83,LC*ELQPEEK,-0.08758691594474792,-0.48204545198959675,-0.4017250499961258,-0.5167082212356559,-0.3720164097915316,4
O15392_C84,BIRC5_C84,HSSGC*AFLSVK,-0.182712608810235,,-0.5808298349714627,-0.36681062888400895,-0.37678435755523554,3
P21580_C677,TNFAIP3_C677,C*FIEAQNQR,-0.8336844191621878,-0.4179241904360973,0.42831454690757037,-0.7124437330084824,-0.38393444892479933,4
Q8IXK0_C673,PHC2_C673,YNVGC*TK,-0.9974301177075919,-0.005181758802098689,0.30764831270061666,-0.8422615732016492,-0.38430628425268076,4
Q9H2F5_C441,EPC1_C441,YC*LTTLTVPQR,-0.342625719647595,-0.18677268393883445,-0.3458252967173339,-0.7812506887053193,-0.4141185972522707,4
P31040_C438,SDHA_C438,HVNGQDQIVPGLYAC*GEAACASVHGANR,-0.2771603733577516,-0.6186446566976976,,-0.383497147524864,-0.4264340591934377,3
Q9H967_C342,WDR76_C342,FGQVGLC*DLTQQPK,-0.21766236541989814,-0.4338759993097968,-0.4454714795880612,-0.6171083584461498,-0.4285295506909764,4
P50213_C331,IDH3A_C331,IEAAC*FATIK,-0.7122133210506575,-0.28057281415555924,-0.09993058797662346,-0.6397627657376403,-0.4331198722301201,4
Q07866_C390,KLC1_C390,NNLASC*YLK,-0.7250780480455907,,0.029424232539833128,-0.7307414582734425,-0.47546509125973335,3
A2RRP1_C588,NBAS_C588,SWVLHEC*LER,-0.5682265883367946,-0.3003411356197039,-0.47325506323544925,-0.5809151112441029,-0.48068447460901265,4
Q13769_C59,THOC5_C59,YTC*QELQR,-0.6823211751846282,-0.5949076303749332,-0.26232539242578834,-0.3959704460906683,-0.4838811610190045,4
Q13574_C508,DGKZ_C508,VVC*DGMDLTPK,-0.28875577393342833,-0.33521876316255883,-0.029382725343267035,-1.3082957707691216,-0.4904132583020939,4
P12270_C1127,TPR_C1127,AESQLLEC*K,-0.6641552652253718,-0.32919087801088487,-0.486079081209951,,-0.49314174148206924,3
Q8N5C6_C502,SRBD1_C502,LIYPLLC*R,-0.5351744696652817,-0.6008781771982006,-0.43405586065963314,-0.48223102772862186,-0.5130848838129343,4
Q96F86_C47,EDC3_C47,C*LVPEVTFR,-0.542256925430776,-0.4738281839563364,-0.6053104471893153,-0.46274746813733314,-0.5210357561784402,4
Q684P5_C584,RAP1GAP2_C584,C*DSTSSTPK,-0.5469206881521146,-0.5570752286367933,-0.4651644913243105,-0.5187358949691728,-0.5219740757705977,4
Q9UNY4_C1118,TTF2_C1118,FVC*EGTVEEK,-0.8696181278489438,-0.3009359520531676,-0.3672819702076671,-0.6299948491122458,-0.541957724805506,4
Q96GQ7_C259,DDX27_C259,DIC*ACAATGTGK,-1.3219264610531043,-0.3893221725663732,-0.6995855719786208,0.20637290989227217,-0.5511153239264565,4
P27708_C986,CAD_C986,TIMVNYNPETVSTDYDMC*DR,-0.4136433937735876,-0.6515169893525657,-0.38079545919086455,-0.8723540069947797,-0.5795774623279494,4
Q9Y4P3_C108,TBL2_C108,YLATC*ADDR,-0.5753503221552356,-0.609707955608217,-0.4590487715654191,-0.6784245814434835,-0.5806329076930887,4
Q460N5_C353,PARP14_C353,CHC*ELTWSQLSGK,-0.532453652029721,-0.7806289374377438,-0.5111362901256027,,-0.6080729598643557,3
P53396_C229,ACLY_C229,VDATADYIC*K,-0.6190836039379981,-0.6972107698439581,-0.4424483043992237,-0.7092018085588877,-0.6169861216850169,4
Q9BZL4_C211,PPP1R12C_C211,C*WLNGGAMPEAR,-0.7750672740947782,-0.9431875081332771,-0.5080485788067449,-0.24677661864321784,-0.6182699949195044,4
Q13643_C10,FHL3_C10,C*NESLYGR,-0.217812405705062,-0.6713128846902001,-1.6008710042349148,-0.07574963670790022,-0.6414364828345193,4
Q9H936_C271,SLC25A22_C271,GVNEDTYSGILDC*AR,-1.6290239821771888,-0.601995324387443,-0.3591447746814866,0.015914676946848172,-0.6435623510748175,4
Q9Y676_C108,MRPS18B_C108,VVGNPCPIC*R,-0.5584821577304533,-1.250974655452868,-0.24582129140192135,-0.7030634943891093,-0.689585399743588,4
Q06546_C223,GABPA_C223,ELC*SLNQEDFFQR,-0.4637345469535843,-0.9908939400538521,-0.6209215175857602,,-0.6918500015310655,3
P51858_C12,HDGF_C12,C*GDLVFAK,0.561233630860324,-0.8183443771529756,0.2566177304335954,-2.905131887786591,-0.7264062259114118,4
Q8WWP7_C76,GIMAP1_C76,C*HVEVVDTPDIFSSQVSK,,-0.7058873400733651,-0.6561002590314999,-0.8654840606283948,-0.7424905532444198,3
Q6UXN9_C287,WDR82_C287,HTGPITC*LQFNPK,-0.6955623318931808,-1.1152569101342027,-0.637631135238803,-0.6219421383311207,-0.7675981288993267,4
Q96JG6_C430,VPS50_C430,LMQVGEEFC*GSK,-0.965783376378998,-0.9355275922566966,-0.5524928342948132,-0.6196287763875908,-0.7683581448295246,4
Q9H0H0_C33,INTS2_C33,VDVVC*LASLSDPELR,-0.936624340344712,-1.358906917724797,-0.41628666951582033,-0.3889162099611784,-0.7751835343866268,4
Q15649_C30,ZNHIT3_C30,VPYC*SVVCFR,-0.7412580103695414,-0.8505099375223985,-0.9543852994514086,-0.5603451101981823,-0.7766245893853828,4
Q02543_C64,RPL18A_C64,SSGEIVYC*GQVFEK,-0.9011423955185806,-0.8280995448426229,-0.5349040731579231,-0.8687853966955661,-0.7832328525536731,4
Q7Z6Z7_C1074,HUWE1_C1074,LC*VGSPVR,-0.9422744496241817,-0.8546368661630648,-0.8079146191617476,-0.5671350971008869,-0.7929902580124701,4
Q9H2Y7_C1069,ZNF106_C1069,SLQC*MDNNLLQAR,-0.8530059879153755,-0.7657816141820396,,-0.9867652565700061,-0.8685176195558071,3
P18085_C62,ARF4_C62,NIC*FTVWDVGGQDR,-0.8174837319571584,-1.0788448999931173,-0.8760302062533616,-0.931622947164924,-0.9259954463421403,4
