Identifier,AltIdentifier,Modified_Peptide,"Log2R_/Users/jmontano/Documents/Rotations/Zaro Lab/Notebook/20240812_JLM183 - NCI60 isoDTB, HL60, BT-549, and M14/133-HL60/results/A1","Log2R_/Users/jmontano/Documents/Rotations/Zaro Lab/Notebook/20240812_JLM183 - NCI60 isoDTB, HL60, BT-549, and M14/133-HL60/results/A2","Log2R_/Users/jmontano/Documents/Rotations/Zaro Lab/Notebook/20240812_JLM183 - NCI60 isoDTB, HL60, BT-549, and M14/133-HL60/results/B1","Log2R_/Users/jmontano/Documents/Rotations/Zaro Lab/Notebook/20240812_JLM183 - NCI60 isoDTB, HL60, BT-549, and M14/133-HL60/results/B2",Log2R_Average
P28066_C76,PSMA5_C76,IVEIDAHIGC*AMSGLIADAK,0.24208334435832493,0.33747327580841224,3.158541122233152,0.2508768052745185,0.9972436369186019
Q9UBF8_C52,PI4KB_C52,AC*QEVLEK,2.557043523433578,0.4902565811839775,0.3322175657564017,0.4772454055256215,0.9641907689748946
Q96IG2_C101,FBXL20_C101,GC*LGVGDNALR,0.465402366361721,0.44089666081716244,1.9460621437072527,0.5088522443622311,0.8403033538120918
Q53GS7_C528,GLE1_C528,C*PYSVPFYPTFK,1.7997261770087531,0.3383409983209747,0.33280786618256136,0.39546667072158,0.7165854280584673
O43422_C644,THAP12_C644,SDLPNPDTLSAELHC*WR,0.5330784978571173,2.040235364991108,0.19524092608230312,-0.10382837724612613,0.6661816029211007
Q6AI39_C776,BICRAL_C776,C*LLLEDAMR,1.6538892240167118,0.38550092135052766,-0.05642734217751865,0.5364809430655384,0.6298609365638148
Q9UPN4_C218,CEP131_C218,AATC*EGSESSGFGK,1.2035663691186547,0.21362889414805175,0.5782871100754576,0.45564528748716804,0.612781915207333
Q9UPT8_C1302,ZC3H4_C1302,GFDPTASPFC*Q,0.383938120496963,1.0050637312578492,0.47672346391243003,0.571936725965937,0.6094155104082948
Q6PCD5_C586,RFWD3_C586,C*PLVSLSYMPR,1.3673858214178731,0.33836616360231664,0.3403414243630475,0.33139385563057666,0.5943718162534535
O94759_C48,TRPM2_C48,LQC*PFGNNDK,1.5643451289093393,0.4343275241792621,0.2201026619456511,0.1573912214094752,0.5940416341109319
O94973_C903,AP2A2_C903,TTQIGC*LLR,0.9616485775034964,0.4985830084549712,0.4969067922976935,0.36139887999276515,0.5796343145622316
Q9H568_C212,ACTL8_C212,C*YVPQNLGEALDFR,0.4812965061923276,0.823172199147291,0.464351554854586,0.5430967387872152,0.577979249745355
P06737_C581,PYGL_C581,QLLNC*LHVITMYNR,0.456855960059733,0.917541350273159,0.5489136051326504,0.38740852521352,0.5776798601697655
Q92994_C430,BRF1_C430,EC*ISSQSSDPK,0.46314728345641837,0.7622164632836812,0.5084813792124085,0.5652859652485314,0.5747827728002599
Q8NHU6_C798,TDRD7_C798,DSVLNC*SDCSIK,-0.2001366399525784,0.45824153500810083,1.740939587991592,0.28177880500503594,0.5702058220130376
P11388_C300,TOP2A_C300,WEVC*LTMSEK,0.34682939854234845,0.3758823393307665,0.9774440565888741,0.5651553173036504,0.5663277779414098
Q9BSJ2_C469,TUBGCP2_C469,ECGHDVTC*PVAK,0.5698560606180636,0.8224387834921324,0.5088204851768503,0.3459617448897002,0.5617692685441866
Q9UHD8_C531,SEPTIN9_C531,WGTIEVENTTHC*EFAYLR,0.5200024061715062,0.4545236063326471,0.302485971127772,0.9667904037426012,0.5609505968436316
Q8IXW5_C105,RPAP2_C105,LCGYPLC*QK,1.0892825240852333,0.5203371644391199,0.3999931420458305,0.22531262844487204,0.5587313647537638
O14976_C508,GAK_C508,NVCVVHC*MDGR,0.5320026062084029,0.3138256601037337,1.0727843837930493,0.3161529352381387,0.5586913963358311
Q5JVF3_C240,PCID2_C240,QAEEYLSFAFEHC*HR,0.5053454042155797,0.23647454594795692,1.1963699454782704,0.2851092365132578,0.5558247830387661
Q9ULG1_C673,INO80_C673,ILLQFQC*R,0.6472778033432147,0.5579627306167483,0.43042179585472423,0.5824363877107637,0.5545246793813627
P33991_C605,MCM4_C605,AGIIC*QLNAR,2.9841057553618926,-0.47060447767899355,-0.1547934761066999,-0.14388274471287696,0.5537062642158306
O95347_C326,SMC2_C326,NLAC*EESK,0.5007294514586608,0.47810167757588545,0.5459363658417106,0.66330564298289,0.5470182844647866
Q8IU81_C15,IRF2BP1_C15,RQWCYLC*DLPK,0.8761313260302594,0.516951674556683,0.580116383975134,0.20646085242669232,0.5449150592471921
O75533_C1250,SF3B1_C1250,MLQYC*LQGLFHPAR,0.7430926282259716,0.5287372243218973,0.3970942142643108,0.4763257918809053,0.5363124646732712
Q9NS91_C64,RAD18_C64,TQCPTCC*VTVTEPDLK,0.5030441887847096,0.4047277525723654,1.3015281512401118,-0.08131561723390564,0.5319961188408202
P49790_C404,NUP153_C404,C*STGYEK,0.6075770727561679,0.5680057288300038,0.4882839202982301,0.4562309446427577,0.5300244166317898
Q16270_C81,IGFBP7_C81,GYC*APGMECVK,0.33318579385164676,0.9705045856088,0.41917852517611764,0.37703387968467705,0.5249756960803105
Q9NRC8_C266,SIRT7_C266,ADTILC*LGSSLK,0.6257895394213459,0.48497884109336103,0.4924433117646643,0.47969972958027257,0.520727855464911
Q6PJ69_C112,TRIM65_C112,C*VCSVCTVR,0.5828941312367945,0.48057907519931437,0.6550834451979789,0.3621184013545714,0.5201687632471648
O43432_C1411,EIF4G3_C1411,LDFIESDSPC*SSEALSK,0.6400649269354202,0.5123384833280561,0.5111711644218286,0.4061837121593838,0.5174395717111722
Q15596_C22,NCOA2_C22,EC*PDQLGPSPK,0.30959181314134304,0.8117602812500212,0.5426891200310628,0.3980473014306705,0.5155221289632743
Q16594_C121,TAF9_C121,YC*LTAPNYR,0.4536418999679921,0.7065663128934379,0.4381937404751241,0.4462106111646426,0.5111531411252992
Q9NVP1_C435,DDX18_C435,LMVFFSSC*MSVK,0.4932672775035068,0.020536289865814975,-0.14782542161491719,1.675143316316989,0.5102803655178484
P22307_C102,SCP2_C102,AIYHSLGMTGIPIIN[0.9840]VNNNC*ATGSTALFMAR,0.5670805498443353,1.0379535755683795,0.2523242868042479,0.18202677876963402,0.5098462977466491
Q9UHW5_C219,GPN3_C219,AIC*GLIDDYSMVR,0.5462724071046683,0.3498546037678539,0.7402808408871611,0.3954082248783808,0.507954019159516
P30876_C177,POLR2B_C177,DLCELNEC*PLDPGGYFIINGSEK,0.781252742604071,0.5416598217623377,0.3744417528046633,0.32825787197932477,0.5064030472875993
Q9NTI5_C732,PDS5B_C732,YAIHC*IHAIFSSK,0.09817203238973923,0.9318202976461518,0.5377689066305824,0.4161326130229186,0.495973462422348
Q14554_C305,PDIA5_C305,EHSSVLVMFHAPWC*GHCK,0.5427662061573812,0.8241487106708107,0.3331388684324957,0.28091569381962933,0.4952423697700793
Q9NS18_C77,GLRX2_C77,TSC*SYCTMAK,0.5004546226224587,0.6250109095576577,0.3705857187097394,0.4845452941224574,0.4951491362530783
Q09161_C409,NCBP1_C409,LDTMNTTC*VDR,0.504272736457017,0.39778676994770745,0.49766609324660555,0.5763976153775927,0.49403080375723063
Q9NXC5_C678,MIOS_C678,TGDVQTASYC*MLQGSPLDVLK,0.16967597661184863,0.48660400664742487,0.2844226076688037,1.0111718656109947,0.48796861413476794
Q00537_C233,CDK17_C233,LEHEEGAPC*TAIR,0.8822952307063685,0.5224829606356353,0.3756846455540044,0.1586962602748312,0.48478977429270986
P00966_C331,ASS1_C331,FAELVYTGFWHSPEC*EFVR,0.2437256028874821,0.12038977035658574,0.27244540556859914,1.2994194749412815,0.4839950634384871
P21953_C185,BCKDHB_C185,SGDLFN[0.9840]C*GSLTIR,0.4724351407127974,0.5022631873127211,0.5270019313422905,0.4296254898543751,0.482831437305546
P16455_C145,MGMT_C145,GNPVPILIPC*HR,0.533606871015585,0.6739419976171205,0.3357122630511089,0.37731166036824193,0.4801431980130141
P30153_C148,PPP2R1A_C148,TSAC*GLFSVCYPR,0.9358870035650518,0.5394490760908488,0.21075738751573275,0.2335575052631691,0.4799127431087006
Q9Y4E8_C448,USP15_C448,STLVC*PECAK,0.3941279678331786,0.5774351670682205,0.3103900612904409,0.6372013989968148,0.47978864879716365
Q86TB9_C563,PATL1_C563,IC*SMYDNLR,0.3405025634237146,0.638279555820891,0.4601468905854327,0.47820697603061135,0.47928399646516234
Q13608_C496,PEX6_C496,VPC*SSLCAESSGAVETK,0.7282860238888696,0.5489178371461297,0.32318219748226423,0.3134543696615674,0.4784601070447077
Q9H2P0_C79,ADNP_C79,TKPFCCSAC*PFSSK,0.4952908516070112,0.6696742354723547,0.48296547510139853,0.26170657618589543,0.477409284591665
P01009_C256,SERPINA1_C256,LGMFNIQHC*K,0.637952036662373,0.5826187572412342,0.44324534066350424,0.24460251593305943,0.4771046626250427
Q9NXR7_C53,BABAM2_C53,SGCTSLTPGPNC*DR,0.31791834526861074,0.42534320937186804,0.31862072637896616,0.8375119652141346,0.47484856155839494
P49815_C52,TSC2_C52,ELSMEC*GLNNR,0.7971157777310485,0.2694650165931692,0.36381219560843175,0.45584855789523143,0.47156038695697017
Q9HD20_C979,ATP13A1_C979,C*TLVTTLQMFK,0.7806457901470581,0.5027304551962868,0.1891750061864229,0.3850308364873872,0.4643955220042887
Q7Z7A3_C237,CTU1_C237,RLDYFSEEC*VYAPEAFR,0.5516478361242639,0.5930860607755319,0.3764697503562873,0.31128503329985974,0.45812217013898565
Q96FZ2_C39,HMCES_C39,YC*PSYNK,0.9807387510959011,0.1642868792898943,0.35032239420462397,0.3338417438767414,0.4572974421167902
O14929_C299,HAT1_C299,LCQDLPC*FSR,0.04520261779343915,0.8499140053256387,0.5419840509954473,0.3702920779641657,0.4518481880196727
Q14554_C426,PDIA5_C426,HTLVMFYAPWC*PHCK,0.4843765932362584,0.7551353466512754,0.2687391280168637,0.29477611899893336,0.45075679672583263
P54819_C92,AK2_C92,NLETPLC*K,0.7080197101923297,0.21769920225583872,0.4959160055965424,0.3765496346205486,0.4495461381663148
Q12788_C696,TBL3_C696,DPEAC*EK,0.5505189267555979,0.6153601815754841,0.44507980108449596,0.1711329773688819,0.445522971696115
Q7Z4Q2_C109,HEATR3_C109,NLSAC*GGFEVCDDMVTK,1.090715107782609,0.24960552236794975,0.22253019742978256,0.20262934205591993,0.44137004240906524
O95822_C360,MLYCD_C360,NELFTDSEC*K,0.6193637474325743,0.5693707602755581,0.406377860820233,0.17001901556147325,0.4412828460224596
Q9HCS7_C587,XAB2_C587,DLFEQALDGC*PPK,0.12001206514723917,0.808342255925777,0.2942129455903599,0.5388566225877843,0.4403559723127901
Q15833_C353,STXBP2_C353,YSTHLHLADDC*MK,-0.15512348204904547,-0.09089666451139622,-0.1649388990924554,2.17064882857489,0.4399224457304982
P07237_C53,P4HB_C53,YLLVEFYAPWC*GHCK,0.5503675856992478,0.553247620523292,0.2635293013772753,0.39179869986930144,0.4397358018672792
Q9Y4C1_C751,KDM3A_C751,ANC*PCSNR,0.2576137180391834,0.38282307677066607,0.6218208238994106,0.48244449129338113,0.4361755275006603
Q9H8H3_C96,TMT1A_C96,VTC*IDPNPNFEK,1.0341227355647578,0.03321876157328407,0.2970133728933486,0.3785146446008357,0.4357173786580565
Q15428_C56,SF3A2_C56,NHLGSYEC*K,,0.4754798792061859,0.4456160725940115,0.3853086922707977,0.43546821469033165
Q9UIA9_C66,XPO7_C66,GSSSYSQLLAATC*LTK,0.3890264119694055,0.45706306905947586,0.4548396989304077,,0.43364305998642966
Q6P3W7_C511,SCYL2_C511,VNSLVC*LGK,0.9495331341552837,0.305442249384511,0.3467362208752387,0.13097990996364214,0.4331728785946689
Q96BX8_C83,MOB3A_C83,VNLIYGTISDGC*TEQ[0.9840]SCPVMSGGPK,0.4261588870249926,0.5392984616584433,0.3892787606887206,0.3611788429954521,0.4289787380919021
P17706_C123,PTPN2_C123,C*AQYWPTDDQEMLFK,0.5073633717711898,0.45876892674888486,,0.31622779985840793,0.42745336612616086
Q06210_C620,GFPT1_C620,C*QNALQQVVAR,-0.8739029610797916,1.7744703631110057,0.2955563815911269,0.5025466739346242,0.4246676143892413
P52948_C1068,NUP98_C1068,FTSGAFLSPSVSVQEC*R,-0.11425304598831976,0.20247899056486887,1.407829962478531,0.19941670085628427,0.4238681519778411
Q9BZL4_C211,PPP1R12C_C211,C*WLNGGAMPEAR,0.5260553255835031,0.4907818331457641,0.3587213494402449,0.30636055032751325,0.42047976462425635
O15037_C46,KHNYN_C46,DC*PDNPHIWLQLEGPK,0.5261308530748584,0.34516387022526784,0.4029568742643365,0.3987170794795326,0.4182421692609989
Q13098_C202,GPS1_C202,HVINMC*LNVIK,0.49430676797924045,0.49622427449841183,0.2170477298701765,0.4589676286492986,0.4166366002492818
O94901_C499,SUN1_C499,TGC*ETVDAVQER,0.38764438287604025,0.9578966220178056,0.42258761099350883,-0.11028744877060671,0.4144602917791869
A8MPS7_C212,YDJC_C212,WTDAFVGLSTC*GR,0.4195042759735674,0.4312895981033749,0.18179436264533003,0.6195181230126902,0.41302658993374064
Q9H7Z3_C1088,NRDE2_C1088,SDSGSQC*PLLWR,0.7296562140829466,0.1837572754971116,0.3735523372375745,0.361633540135851,0.4121498417383709
A2RRP1_C406,NBAS_C406,C*SGALTVSSVK,0.8432647524756853,0.43769353702069863,0.17819676858975347,0.18271562029649877,0.41046766959565906
O75694_C917,NUP155_C917,ISNQVDLSNVC*AQYR,0.4397870142423109,0.4753055829094568,0.4955911062458118,0.2152301116610203,0.4064784537646499
P25705_C244,ATP5F1A_C244,LYC*IYVAIGQK,0.35014550487286494,0.4380598166710534,0.28384577688082613,0.5442212009246865,0.40406807483735774
Q9Y4B6_C1070,DCAF1_C1070,YGGVDGGC*FDR,0.7007730613816404,0.5394070957045229,0.36198298315584404,0.009251659861036902,0.40285370002576104
P53621_C1191,COPA_C1191,CPLSGAC*YSPEFK,0.5157214910192363,0.7336267669111969,0.1713787069653992,0.18088890176458713,0.40040396666510486
P19838_C261,NFKB1_C261,TAGC*VTGGEEIYLLCDK,0.6661843559217215,0.33344214940071437,0.24131301897738736,0.35146050043689614,0.39810000618417984
Q7Z5K2_C293,WAPL_C293,LENLNEAIEEDIVQSVLRPTNC*R,2.263494484067876,-0.333225987867451,0.4639022169063487,-0.8053134711737989,0.3972143104832436
O00329_C132,PIK3CD_C132,GLHEFDSLC*DPEVNDFR,0.30159457333608275,0.60221031707185,0.5725643504070546,0.0964077731992514,0.39319425350355963
P07237_C397,P4HB_C397,NVFVEFYAPWC*GHCK,0.4895667663104189,0.47464915416832687,0.3075708503735828,0.3001760871420778,0.39299071449860157
Q9UPN3_C666,MACF1_C666,LETQYC*K,0.23999643397519718,0.5183273089421424,0.6476182782604627,0.16063192015237995,0.39164348533254556
Q86UK7_C44,ZNF598_C44,C*DHPVCYR,0.5766559159756575,0.5512015329928323,0.1922954618972842,0.24616127881221306,0.3915785474194967
Q92794_C594,KAT6A_C594,IYCQNLC*LLAK,0.8301568492286578,0.3166600845498305,0.15749265845100363,0.26185762201781854,0.39154180356182766
Q7Z2W4_C521,ZC3HAV1_C521,GC*PLN[0.9840]GSCSK,0.38749148482090257,0.5701546489711644,0.31417180506202985,0.29297785814144833,0.3911989492488863
Q9Y490_C1953,TLN1_C1953,ELIEC*AR,2.560896043755021,-0.19807185925374937,-0.5012914784776317,-0.29919976949595317,0.39058323413192175
Q9NW13_C33,RBM28_C33,QC*FVVTEK,0.38619220767001095,0.36562147224264435,0.41152042707599257,,0.3877780356628826
P38606_C138,ATP6V1A_C138,WDFTPC*K,0.5665354914523553,0.6531328671295673,0.1913206993284096,0.1386450242866204,0.38740852054923813
Q7Z591_C818,AKNA_C818,QC*PVQAEK,0.533736914902476,0.49773893198876235,0.6305774234430901,-0.15309515698716675,0.3772395283367904
Q15008_C266,PSMD6_C266,QYLFSLYEC*R,0.053298010513392974,-0.36751936273109,1.8765395222216144,-0.057400126676523,0.3762295108318486
Q9H3P2_C141,NELFA_C141,VGECEASAMLPLEC*QYLNK,0.40974492607384255,0.4207453900625935,0.23982910015427714,0.4268288115102185,0.37428705695023295
Q96EL3_C49,MRPL53_C49,STNLNC*SVIADVR,2.045800839737852,-0.46809197079560105,0.3157582167920487,-0.40039084376020967,0.37326906049352243
Q7Z2W4_C219,ZC3HAV1_C219,EHGLNPDVVQNIQDIC*NSK,0.15791185793041715,0.6636374710732242,0.2582096002539269,0.41272269153851665,0.37312040519902123
Q13206_C295,DDX10_C295,YSTPATLEQNYIVC*ELQQK,0.595998957440894,0.3676281741316251,0.3455950163644277,0.17925110753838402,0.3721183138688327
Q9Y5B6_C831,PAXBP1_C831,AQNVINC*FPK,0.46604471264833375,0.18611922806326514,0.3540140558016385,0.4768923989230618,0.3707675988590748
Q99714_C58,HSD17B10_C58,LGNNC*VFAPADVTSEK,0.45268479453651167,0.869658705413535,-0.2690640266878057,0.41498564789214265,0.3670662802885959
Q9ULU4_C106,ZMYND8_C106,EGQVLCCELC*PR,0.2672143164987548,0.5778109642919134,0.2769163998507033,0.34594200557041355,0.3669709215529462
Q8IWU2_C271,LMTK2_C271,NC*FLTSDLNVK,0.4868184536061364,0.2492051949804621,0.3346421011147986,0.38320843586934084,0.36346854639268444
Q01469_C127,FABP5_C127,LVVECVMNNVTC*TR,0.48210777635378005,,0.38262837985504344,0.22450194077732988,0.3630793656620511
Q9P2E5_C223,CHPF2_C223,YC*HGGFGYLLSR,0.3455858127064677,,0.20151777568757998,0.5383375581182198,0.36181371550408914
P24752_C126,ACAT1_C126,VC*ASGMK,0.7377419556976316,0.5251795402207182,0.08189655126768576,0.07803888134764447,0.35571423213342
P31939_C101,ATIC_C101,VVAC*NLYPFVK,0.4353294442004914,0.320473764738976,0.393020120143748,0.2587440020719901,0.3518918327888013
P04150_C643,NR3C1_C643,MTLPCMYDQC*K,0.41735190421645285,0.44879638190380744,0.45374211032921313,0.08722487857047816,0.35177881875498784
P07332_C785,FES_C785,LPCPELC*PDAVFR,0.18338998429721004,0.4462597752639574,0.24488483310290254,0.5083328485238702,0.345716860296985
P57737_C325,CORO7_C325,QALAVMSC*EVLR,0.037467861374887015,0.659908161178483,0.4095054032489394,0.26327751149078893,0.34253973432327456
Q15029_C525,EFTUD2_C525,VLGENYTLEDEEDSQIC*TVGR,0.8933094937619138,0.3625075910016145,0.21924992482589248,-0.10884347821328642,0.3415558828440336
Q8IZD4_C291,DCP1B_C291,QLC*PAIQK,0.4841835695627523,0.5506111741292594,0.21301831327150075,0.10986858521527426,0.3394204105446967
O95149_C199,SNUPN_C199,GHPFYDC*QTDFR,0.7220284759557027,0.32457062887473404,0.06508080417487613,0.2425532502744953,0.33855828981995206
Q9H9E3_C138,COG4_C138,FC*MDGVQTALR,0.4226907715350797,0.2825422514163619,0.45520629624397796,0.17781717598604876,0.3345641237953671
Q8NEB9_C336,PIK3C3_C336,C*VNWDLPQEAK,0.02872036086123795,0.4671515221813424,0.35447955809060394,0.4735311149781304,0.33097063902782864
Q9UBC2_C470,EPS15L1_C470,C*QDETQMISSLK,0.29867609538494194,0.24949007975278106,0.5802589125883838,0.18835914466566425,0.3291960580979428
P35556_C89,FBN2_C89,GPNVC*GSR,0.5373968699926652,0.39863123790955085,0.2983427222471582,0.08211346144894562,0.32912107289958
Q9BPW8_C138,NIPSNAP1_C138,FSGGYPALMDC*MNK,0.32265463237693975,0.2993959113060685,0.2866923051143422,0.40060925428197147,0.3273380257698305
Q86V48_C969,LUZP1_C969,SC*LFEQGTR,0.902929745898241,0.3289145597661658,0.11575188725327787,-0.046679358098911265,0.32522920870469335
Q53H12_C72,AGK_C72,ATVFLNPAAC*K,-0.14016496648642143,-0.559766996640873,1.497345583452256,0.47410906246208884,0.3178806706967626
P00966_C132,ASS1_C132,FELSC*YSLAPQIK,0.4278853660672795,0.48863365301193634,0.1623968160002046,0.1839817712271773,0.3157244015766495
Q5T7W0_C202,ZNF618_C202,YYSC*FQEHR,-0.27381635619156913,0.05817442968787124,-0.3292105399034615,1.8008498497870735,0.3139993458449786
Q14690_C151,PDCD11_C151,C*VVSSLGITDR,0.08049860762426186,0.46578559184462154,0.2890818669706991,0.3686238191522556,0.3009974713979595
Q9NS86_C248,LANCL2_C248,C*PLLYQWHR,0.45558120309262684,0.3847425210050673,,0.0615768734327802,0.30063353251015806
Q8IWZ3_C1965,ANKHD1_C1965,QLFAC*VPK,0.04043956582685793,0.7165034119143542,0.3179538165820146,0.11907362442744054,0.2984926046876668
O00221_C457,NFKBIE_C457,GLMGISSTLC*K,,0.29211812265162784,0.4410110624043526,0.15296946699760955,0.29536621735119667
Q9NVM9_C494,INTS13_C494,ESLTEEDVLNC*QK,1.136445004445137,-0.24283586892765355,0.30856009728306966,-0.030287470013402592,0.2929704406967876
O95881_C66,TXNDC12_C66,SWC*GACK,0.6354062685705028,0.49542676178146433,-0.28316306378529765,0.3088694855221788,0.28913486302221203
P53634_C136,CTSC_C136,NWAC*FTGK,0.5652381941070102,0.539666104015227,-0.040989559076160004,0.09229179295982584,0.28905163300147574
Q04721_C1049,NOTCH2_C1049,C*SCPLGYTGK,0.3334779099728679,0.4433534758585204,0.13126117063441442,0.24678292230727217,0.28871886969326865
P48449_C700,LSS_C700,SC*AISYTSYR,0.16442346296954674,-0.38965458061884506,-0.4434326705583722,1.805327641001309,0.28416596319840964
Q92621_C921,NUP205_C921,ILC*CISCNSNIQIK,0.8886411645125221,0.009091191522327869,0.11605438156625401,0.11033594637270405,0.28103067099345197
Q9Y6D9_C662,MAD1L1_C662,LTSLYAEHPGDC*LIFK,0.5824136460368176,0.3115852202270893,0.16796980136929354,0.039208236421269804,0.2752942260136175
Q8IVS2_C208,MCAT_C208,FNFAC*LEAR,0.0747782923120622,0.9843306617877252,-0.0040772733468465985,0.04150826372636787,0.2741349861198271
Q9NR45_C283,NANS_C283,QLLPC*EMACNEK,0.19802831195024623,0.27638741045635146,0.32258711944712315,0.28989407334388057,0.27172422879940034
Q9UJF2_C360,RASAL2_C360,C*GEHDVLIFR,-0.11961260693457487,0.5759419591146813,0.3493773471079719,,0.2685688997626927
Q70CQ2_C1731,USP34_C1731,IDDYEEEPILKPGC*K,-0.035407681399626606,0.3737955145459925,0.22152487660635523,0.5030125151048052,0.26573130621438157
P10398_C58,ARAF_C58,GLNQDC*CVVYR,0.32625175466901485,0.06899825958153871,0.09162427568088077,0.5743092082821846,0.26529587455340475
Q9H6T3_C155,RPAP3_C155,YDEAIDC*YTK,0.3268057982293141,0.8390324741934969,-0.11363015292431634,-0.009892919150566523,0.260578800086982
P49916_C336,LIG3_C336,IFNC*NPDDMAR,,0.13922173256142592,0.302601135585981,0.329363455356906,0.2570621078347709
Q14258_C107,TRIM25_C107,ASAPSPNAQVAC*DHCLK,0.2763041969391984,0.32127565158117516,0.1467883501239587,0.27120026346496107,0.2538921155273233
Q9NP50_C19,SINHCAF_C19,SIEGCCIC*R,0.3381236064277576,0.25597625613477937,0.34747525590197365,0.06535104720475436,0.25173154141731624
Q9UBW7_C608,ZMYM2_C608,LYNFC*NSSCVAK,0.28407564594491896,0.5652128240680951,0.15376538917364965,-0.01784103760897239,0.2463032053944228
P42704_C863,LRPPRC_C863,IHDVLC*K,0.2750733261011603,0.13105733671225622,0.3330989666298849,0.2453397335151832,0.24614234073962116
Q9Y512_C457,SAMM50_C457,IC*DGVQFGAGIR,0.28315343991807285,0.33962991393569,0.18205600438202743,0.1756704135451424,0.24512744294523314
P43405_C543,SYK_C543,WYAPEC*INYYK,0.2922950896277878,,0.031089839897701987,0.40068572807220837,0.24135688586589937
Q5TAX3_C204,TUT4_C204,C*ALQNSPR,-0.045576202241471325,0.8295573561621105,0.007366611427302612,0.17236905839749583,0.2409292059363594
Q9H6R6_C398,ZDHHC6_C398,CPC*DAETDQAPEGEKK,-0.30115536311262614,0.20206865751553152,0.029075373553135064,1.0324269964139965,0.24060391609250922
Q5MNZ6_C63,WDR45B_C63,C*NYLALVGGGK,0.3442750454756587,0.47093598215592253,0.02034943159799216,0.12263828871081711,0.23954968698509754
B0I1T2_C942,MYO1G_C942,GQDDLVVC*LHR,0.23231425967189134,0.35563486301558545,0.1701792627244274,0.19559646861367075,0.2384312135063937
Q8IX90_C290,SKA3_C290,SDAEYTNSPLVPTFC*TPGLK,0.3565411644101075,0.44964464172329627,-0.007417816857588821,0.15419633685457518,0.23824108153259754
Q9UIQ6_C103,LNPEP_C103,QSPDGAC*SVPSAR,0.22712395530189133,-0.04504352687634486,0.09543549608763757,0.6704277198869045,0.23698591110002215
Q6IA17_C403,SIGIRR_C403,TDFYC*LVSK,0.3919030324962029,0.5553024836523912,0.7114323508713808,-0.7110671997584566,0.23689266681537957
P07237_C405,P4HB_C405,N[0.9840]VFVEFYAPWC*GHCK,0.46601009949178873,0.22436608896867416,0.25250981189930494,0.0013736280974642745,0.23606490711430805
Q96ER3_C366,SAAL1_C366,VLQNMEQC*QK,0.08367922746309608,0.37827161010116805,0.5740140912208621,-0.10078502115441401,0.23379497690767806
Q05084_C85,ICA1_C85,IC*FLSQEENELGK,0.09569802076792354,0.2951883683757466,0.23938321878576688,0.28838679453305266,0.22966410061562242
Q8N5C6_C502,SRBD1_C502,LIYPLLC*R,0.21351913918370818,0.2748876951314359,0.3200772002928352,0.10479916300800156,0.22832079940399522
Q96B01_C254,RAD51AP1_C254,C*N[0.9840]ALVTSVDSAPAAVK,0.5357354809533627,0.034177575639532276,-0.1662659366824294,0.5083013519466186,0.227987117964271
Q9UL63_C582,MKLN1_C582,SLQEEEPC*PR,0.2571240848746311,0.41627180655155527,0.13201140195938726,0.08909207369072307,0.22362484176907418
O75592_C157,MYCBP2_C157,HC*VLEWQK,-0.29909235327058137,0.543424237745398,,0.4131164214667725,0.21914943531386305
O14656_C44,TOR1A_C44,LYC*LFAECCGQK,0.3267754940082404,0.20485945863576682,0.11588282778146766,,0.21583926014182495
P49407_C140,ARRB1_C140,AC*GVDYEVK,0.31052527856660234,0.1926294919304708,0.13804785558174,0.2205793716407394,0.2154454994298881
P50452_C98,SERPINB8_C98,TC*DFLPDFK,-0.07049514839773666,0.3581556464814684,0.3551663705056888,,0.21427562286314017
Q9NSU2_C77,TREX1_C77,AC*SPAASEITGLSTAVLAAHGR,0.056750322051457275,,0.3449017353722114,0.2327152925558505,0.21145578332650639
P49589_C525,CARS1_C525,ALVSQC*NLYMAAR,0.08783201041474929,0.12744609015360306,0.42524151910607866,0.1706684325697685,0.20279701306104986
Q96Q89_C379,KIF20B_C379,VSELSLC*DLAGSER,0.43685041603473423,0.2913375235535932,0.05990866247599411,0.006275051030530474,0.19859291327371303
P35754_C23,GLRX_C23,VVVFIKPTC*PYCR,0.055140374453384045,0.08711549875228118,0.2755561425054801,0.3276910652813323,0.1863757702481194
Q1KMD3_C416,HNRNPUL2_C416,N[0.9840]C*VVELNFGQK,0.1714937001695244,0.3651293749164736,-0.2602337056910931,0.4614051293510744,0.1844486246864948
Q99714_C99,HSD17B10_C99,VDVAVN[0.9840]C*AGIAVASK,0.7183805875501538,0.030410356123581752,-0.028562221312589557,0.0050663019565367,0.18132375607942067
P30876_C572,POLR2B_C572,IFVNGC*WVGIHK,0.6275397891706569,0.11438689301222893,0.042472023606433984,-0.06834041138975788,0.17901457359989048
Q9UBH6_C188,XPR1_C188,VAHVEVAPFYTC*K,1.0220090590780715,-0.14250329440528872,-0.7062074592770372,0.5339615300483002,0.1768149588610114
P27708_C986,CAD_C986,TIMVNYNPETVSTDYDMC*DR,-0.3696544330518113,0.5166879546005839,0.3407270261284494,0.20268672855295727,0.17261181905754483
Q92896_C385,GLG1_C385,C*NVENLPR,0.32907379062519043,0.3751862266115216,0.037191170773550324,-0.060593498829447145,0.17021442229520378
P35251_C916,RFC1_C916,AADSIC*DGDLVDSQIR,0.15034772260248308,0.18326933466412332,0.8868594233993796,-0.5413686040049176,0.1697769691652671
Q14142_C20,TRIM14_C20,SELVEGC*GWR,0.618640570678649,0.10044178337436839,-0.1369969432108178,0.02774590280963037,0.1524578284129575
Q9Y4L1_C805,HYOU1_C805,LC*QGLFFR,0.18621778562018895,0.062163759405844676,0.19067726539241922,0.1540892302450854,0.14828701016588455
P62195_C363,PSMC5_C363,GVC*TEAGMYALR,0.18400118404174975,0.22356795964625265,0.11115557405700059,0.05507817289382054,0.14345072265970588
Q92556_C561,ELMO1_C561,LVEGTC*FR,-0.16833680999440206,-0.28304597705400475,1.1570426427730383,-0.15925693397714666,0.13660073043687115
Q92973_C142,TNPO1_C142,LC*SLLDSEDYNTCEGAFGALQK,0.8192389795834185,0.0745619095917279,-0.046959165500402016,-0.30900764701652,0.1344585191645561
Q9BTX1_C9,NDC1_C9,ATAVSRPC*AGR,0.22878023924894805,0.2370478485234084,0.20859903758244133,-0.1416304001452597,0.1331991813023845
Q9NR30_C537,DDX21_C537,TGVC*ICFYQHK,0.06361564717473811,0.14137877474664282,0.2248542745764421,0.1014635436507817,0.13282806003715117
P61081_C65,UBE2M_C65,LVIC*PDEGFYK,-0.009477456111030458,0.12650060653643844,0.2748915078756855,0.11050189416117895,0.12560413811556811
P15311_C284,EZR_C284,ILQLC*MGNHELYMR,-0.029409843632337288,-0.24317953630629618,1.4405436596059735,-0.6782539430345159,0.122425084158206
Q96A33_C215,CCDC47_C215,VCC*EGMLIQLR,-0.8820021855108829,0.5441943638909436,0.8750874772565661,-0.055165923155688246,0.12052843312023459
Q86U86_C1244,PBRM1_C1244,DFLSC*RPTEIPENDILLCESR,-0.015800609059804988,0.1309408023793262,0.12836648092837308,0.23852136390546297,0.12050700953833932
Q12873_C1838,CHD3_C1838,FAEAEC*LAESHQHLSK,0.1289147108568686,0.18934847005132835,-0.01975911894112681,0.1788134506088987,0.11932937814399219
Q92619_C739,ARHGAP45_C739,C*LETLAIQCGHK,-0.5073545029693883,-0.08802374807722758,0.7917077136669181,0.25418870328525406,0.11262954147638904
Q86U44_C500,METTL3_C500,GNPQGFNQGLDC*DVIVAEVR,0.0953604802609972,-0.12472554016822344,0.3613636709852351,0.0836370875058337,0.10390892464596063
A2RRP1_C588,NBAS_C588,SWVLHEC*LER,-0.05080822227093518,0.2690421881522589,-0.048944876979176655,0.2462348153075451,0.10388097605242304
Q9HAU5_C221,UPF2_C221,ISDVNC*AVHLCSLFHQR,-0.2721466059201991,-0.18480691224506107,1.1204587498202725,-0.2873856626465081,0.09402989225212605
Q99698_C3586,LYST_C3586,C*GVITAYTNR,0.6086092552828308,0.1794890970695962,-0.39762417203839384,-0.03345432757687221,0.08925496318429023
Q96QE3_C909,ATAD5_C909,C*GIALGEFSTLNSK,0.4537480122261706,-0.016086490484596767,0.00873618376191203,-0.08973588759768344,0.0891654544764506
Q9H583_C1237,HEATR1_C1237,C*LEPLPQEQGNMEYTK,0.4766620393303335,,0.0625949568930744,-0.2788404050777295,0.08680553038189281
P60660_C32,MYL6_C32,ILYSQC*GDVMR,0.21854136081275624,0.11940898761096473,-0.04327972876497753,0.035385094152348195,0.0825139284527729
P50991_C337,CCT4_C337,EDIEFIC*K,0.1299335346821259,0.2045727859538452,0.12998099936090446,-0.13843161701616727,0.08151392574517705
Q8NG31_C1233,KNL1_C1233,DNSC*VQEIAEK,-0.5036887928968221,,0.5702211066271665,0.1755029526231715,0.08067842211783863
Q9Y2X0_C801,MED16_C801,C*GCVTMLK,0.0756403980404935,0.6667843038467383,-0.20537422472848174,-0.21760270997930714,0.07986194179486071
Q9Y2L1_C357,DIS3_C357,NWRPYC*GMLSK,0.41701690794759677,0.0946424813075736,-0.06043854028866328,-0.14733581874666396,0.07597125755496077
Q92979_C66,EMG1_C66,TYELLNC*DK,0.009491901770894332,0.20116686017400945,0.18224809265493921,-0.0948144615270715,0.07452309826819287
P10398_C125,ARAF_C125,C*QTCGYK,0.0023272829031432316,-0.043644316707466844,-0.12378228451209863,0.4344521066524506,0.0673381970840071
O00148_C172,DDX39A_C172,N[0.9840]C*PHVVVGTPGR,-0.41688497276915965,0.42964624160178166,0.8934613360288524,-0.6370807234430705,0.06728547035460095
Q12907_C239,LMAN2_C239,NC*IDITGVR,-0.039515967157151506,-0.24492345670102433,0.18088708117030913,0.34307006644778304,0.059879430939979085
Q6P996_C126,PDXDC1_C126,ILSDTTLWLC*R,0.31183654458442267,-0.5468749594709643,0.2738317170691178,0.1958853447242826,0.058669661726714686
Q2PPJ7_C1824,RALGAPA2_C1824,C*LIPLYQSFYEER,0.8087656691261174,-0.6422496075350953,-0.15029171779808015,0.14335719446689632,0.03989538456495956
Q9UQR0_C230,SCML2_C230,DIFPAGWC*R,0.9487293885506675,-0.6214318087925979,0.14664278462854774,-0.3169309677447606,0.03925234916046419
Q8WTW3_C87,COG1_C87,ATDQYC*AR,-0.002357485493960742,-0.044975303977824836,0.12189897092526387,0.0819240121123525,0.0391225483914577
Q6AI08_C426,HEATR6_C426,QGALVC*FLSTIK,0.25617470446781465,0.0013738310109808335,-0.01842749228346828,-0.12471766465486457,0.02860084463511565
P28676_C181,GCA_C181,IFFDDYVAC*CVK,-0.1573550185700778,0.0021847603476961566,0.19320874844051666,0.047139225966182426,0.02129442904607936
Q6PGP7_C1031,SKIC3_C1031,LLC*STGEYDK,-0.05539534249863909,0.23213382282490036,-0.1367574495766736,0.004721444666282042,0.011175618853967432
Q92747_C279,ARPC1A_C279,GC*LTFVSK,-0.5541650976080127,0.19158247886900123,0.19126875392149678,0.15034276380708958,-0.005242775252606267
Q96ME7_C171,ZNF512_C171,GSVSC*PTCQAVGR,0.14895223413710043,0.09543630095733123,,-0.2632756144664477,-0.006295693124005353
Q684P5_C584,RAP1GAP2_C584,C*DSTSSTPK,-0.2003739076656373,0.1440043709976969,-0.0472146815006357,0.04797757774513602,-0.013901660105860027
Q8IZ69_C365,TRMT2A_C365,ASGVTC*LYFVEEGQR,0.11427866208794672,-0.3381352629426081,0.14985609909872735,0.012592316981207658,-0.015352046193681591
P29728_C361,OAS2_C361,C*FLEQIDSAVNIIR,0.6676960749618656,-0.08082405540599684,-0.2686348580495604,-0.38019680171749126,-0.015489910052795736
Q14145_C151,KEAP1_C151,C*VLHVMNGAVMYQIDSVVR,0.08909839218229448,0.25762747869449204,-0.0969127675285173,-0.32000284992139716,-0.017547436643281983
Q9UPU5_C995,USP24_C995,QLC*SPVDNIQIFTNDSLLTVNK,0.45425711692443055,-0.2529678969894044,-0.2585888720735044,-0.0294513557871238,-0.021687751981400515
P40692_C233,MLH1_C233,ELIEIGC*EDK,0.36250745723153033,-0.07638099182032636,-0.35621403589042544,,-0.023362523493073828
Q9ULM3_C420,YEATS2_C420,VTFC*SHGNSAFQPIASSCK,-0.21822048475010788,0.4433081952988835,-0.003514787872462052,-0.3235333492778934,-0.02549010665039496
Q86VP6_C571,CAND1_C571,DLFTC*TIK,0.19307008162894257,0.019566638675247106,-0.1459748478302122,-0.1767312715016749,-0.027517349756924357
Q63HN8_C3084,RNF213_C3084,DQEYTQLC*R,0.3367967788074312,-0.13015222645540198,-0.06324984001373114,-0.25535829554948836,-0.027990895802797566
Q8N8A2_C967,ANKRD44_C967,GAC*VLAVDENASR,-0.0729982889377809,0.12577778504613205,-0.12664788830169751,-0.04436685230428132,-0.029558811124406923
Q14203_C759,DCTN1_C759,FTQSALDC*MSVEVGR,1.2054335281060555,0.1493475916417064,-0.8183602989668552,-0.6721642645249869,-0.03393586093602005
Q02543_C64,RPL18A_C64,SSGEIVYC*GQ[0.9840]VFEK,-0.17933184967482474,-0.08984046933702228,-0.35547007895630245,0.4782855661178784,-0.03658920796256776
Q15365_C62,PCBP1_C62,INISEGN[0.9840]C*PER,0.7763651571203015,0.11933362477246254,-0.8724478322485513,-0.17144131988102043,-0.03704759255920189
Q6ZS81_C88,WDFY4_C88,AWEHSVGIIC*FPSLQR,0.3863672142990962,-0.015438730342834562,-0.29398612605761226,-0.2337393255501514,-0.03919924191287549
P22830_C395,FECH_C395,ALADLVHSHIQSNELC*SK,-0.25274534478980654,-0.011630300658651683,0.09378827514388409,0.0035252893328798327,-0.04176552024292358
P23368_C441,ME2_C441,C*LFASGSPFGPVK,0.06346009248036472,0.2662805638938104,-0.18607900359875615,-0.3116609980750737,-0.04199983632491368
Q96GA7_C38,SDSL_C38,C*ENVQPSGSFK,0.023974093715354108,0.48064550985484555,-0.763376852235577,0.051498389962338006,-0.05181471467575982
P08133_C552,ANXA6_C552,FMTILC*TR,0.06964502056940092,-0.07328288642698277,-0.16875687466676847,-0.03880368462375794,-0.05279960628702706
P22314_C179,UBA1_C179,VGEFC*HNR,0.31101569888791125,0.2145888940837648,-0.40974042437059127,-0.3337063134146591,-0.054460536203393584
Q13618_C462,CUL3_C462,TEC*GCQFTSK,-0.24015752085015118,-0.00921046009679303,,0.08249131095678539,-0.05562555666338627
Q9H0C8_C312,ILKAP_C312,C*QLTPNDR,0.24201601547438345,,-0.26546184939969436,-0.15983033226322005,-0.061092055396176986
Q9H2Y7_C1472,ZNF106_C1472,SGC*DEVSSTSEIGTR,0.2852248276966344,0.13274461581554015,-0.20550292293900674,-0.4924419668526082,-0.06999386156986011
Q8WTW3_C776,COG1_C776,SC*MVQVVAAYEK,0.6841408800263775,-0.29397052289437026,-0.12349869735447662,-0.5484862618927604,-0.07045365052880743
Q06265_C45,EXOSC9_C45,ISFGTDYGC*CIVELGK,-0.3123511371309269,-0.28942931362821045,-0.16129281340940754,0.46570214774027163,-0.0743427791070683
Q6DN12_C497,MCTP2_C497,YC*LQNSLK,-0.6830426395250029,0.17639338424931675,0.3231518170499519,-0.11740181840299838,-0.07522481415718316
P40763_C259,STAT3_C259,QQIACIGGPPNIC*LDR,0.16284665010878352,-0.08927321965559538,-0.06232279091952056,-0.36116012573037315,-0.0874773715491764
Q9Y5X2_C200,SNX8_C200,ESAQCVGDEFLNC*K,-0.25856294853455275,-0.05915207671111985,-0.13549209323660905,0.09927315828124125,-0.08848349005026007
Q5THK1_C1875,PRR14L_C1875,VFC*SLPYSVGR,0.40160727048233796,0.06433523645836396,-0.6253394941190882,-0.203665055417734,-0.09076551064903006
P33992_C219,MCM5_C219,CPLDPYFIMPDKC*K,-0.23131227359336545,0.18072276307576163,-0.22622995341092325,,-0.09227315464284236
Q86VP6_C275,CAND1_C275,EYC*IQAFESFVR,0.2849970237583643,-0.7854514204755481,1.0385004156624882,-0.9123867930492944,-0.09358519352599748
P29144_C28,TPP2_C28,ETGAASFLC*R,0.05356732094023459,-0.09083607234658632,-0.2659013139737952,-0.07972357009069796,-0.09572340886771122
Q8IWE5_C735,PLEKHM2_C735,C*EASAVTVR,-0.20220392428647493,0.024722888170705212,,-0.11545792682823414,-0.0976463209813346
O14730_C171,RIOK3_C171,HDEVVC*GR,0.05042511217270302,-0.2980070301484072,-0.010470716719665978,-0.14897597538517945,-0.1017571525201374
Q93008_C540,USP9X_C540,ILDYSC*SQDR,0.836896400780972,-0.8908135270354381,0.3869461859050133,-0.749187368239967,-0.10403957714735496
O94915_C2160,FRYL_C2160,DC*SNWINVVCR,0.15672902932748786,-0.3756408695615696,-0.10684629973646845,,-0.10858604665685005
Q96H20_C72,SNF8_C72,VQFQDMC*ATIGVDPLASGK,0.05863390306928817,-0.46097919585104424,0.22880197596248308,-0.263390178612532,-0.10923337385795123
Q9UPY3_C214,DICER1_C214,C*DPEELEEK,-0.524841391581077,0.05419822198192356,,0.1381908528246303,-0.11081743892484103
Q9H2F5_C441,EPC1_C441,YC*LTTLTVPQR,-0.14626822260264147,-0.17534506704953928,-0.03461369129969309,-0.12442526977374795,-0.12016306268140543
Q9Y2Q5_C76,LAMTOR2_C76,FILMDC*MEGR,0.8757956510793659,0.33919093374911874,-0.9871985270406687,-0.7104380437926536,-0.12066249650120943
Q92985_C400,IRF7_C400,NC*DTPIFDFR,-0.5991886908090607,,-0.1221954006121528,0.35915395963934654,-0.12074337726062233
Q92759_C41,GTF2H4_C41,LYGHPATC*LAVFR,-0.2599151096161253,-0.40659783219472484,0.4718530499636043,-0.29798072305585893,-0.12316015372577621
P62495_C302,ETF1_C302,YC*FGVEDTLK,-0.01264693611831097,-0.5192232994597651,0.1344297672142803,-0.1101169984498221,-0.12688936670340445
O14561_C140,NDUFAB1_C140,LMC*PQEIVDYIADKK,,-0.06213008507943558,-0.16554679261974825,-0.17093095613159354,-0.13286927794359243
Q8NDA8_C505,MROH1_C505,FTGALTPLC*R,0.43053460649198944,0.10831227939034506,,-0.9477939989918144,-0.1363157043698266
Q9BRV8_C146,SIKE1_C146,IC*EMGEVMR,0.4403365575714452,-0.43078038246811257,-0.22469163973788775,-0.3513913867371304,-0.14163171284292136
O00160_C788,MYO1F_C788,C*VYVIGR,-0.32126630697172875,0.18596381995499162,-0.6019636618718325,0.157544159175612,-0.14493049742823944
Q13509_C124,TUBB3_C124,EC*EN[0.9840]CDCLQGFQLTHSLGGGTGSGMGTLLISK,-0.5491029553788962,0.599156752765819,-0.10112178870483844,-0.5412122565466659,-0.1480700619661454
Q96P70_C639,IPO9_C639,ELSQIEAC*QGPMQMR,,-0.18557820329282734,-0.42092883040687146,0.15856978166891303,-0.14931241734359527
P47756_C62,CAPZB_C62,DYLLC*DYNR,-0.05765839372665125,-0.2764252907362443,-0.3289953539913206,0.016650867827059223,-0.1616070426567892
Q9BZQ8_C41,NIBAN1_C41,QYSVAFC*NHVR,-0.30121860424947694,-0.016330909274248455,-0.17537103670159526,-0.17355981179253943,-0.16662009050446502
Q2TB10_C49,ZNF800_C49,SGIQQIIEC*FR,-0.17949593264575003,-0.42804418448807835,0.026992937126653602,-0.15956291013142723,-0.1850275225346505
P30519_C282,HMOX2_C282,GALEGSSC*PFR,0.20442875657571424,-0.20234193699208505,-0.20092948901917804,-0.5669163629015334,-0.19143975808427055
Q9NRF8_C313,CTPS2_C313,DC*YASVFK,0.17482680753628307,-0.41024280267996466,-0.15076300105298338,-0.3877726594214425,-0.19348791390452685
P21580_C54,TNFAIP3_C54,TC*QFCPQFR,0.1223782513168576,-0.5075691576618249,0.09006378656882864,-0.5139214075531202,-0.2022621318323147
P11717_C1461,IGF2R_C1461,YVDGDLC*PDGIR,0.19574075266240884,-0.1986179505576491,-0.42745750659981374,-0.4120157205852098,-0.21058760627006595
Q99661_C572,KIF2C_C572,TCMIATISPGISSC*EYTLNTLR,-0.25923886159653986,-0.14619304273773484,-0.16889178802340601,-0.2777548807033773,-0.21301964326526449
O43865_C317,AHCYL1_C317,QVVVC*GYGEVGK,-0.36720754349268314,,-0.03714114063629517,-0.24982645144423601,-0.21805837852440477
Q9BRR9_C230,ARHGAP9_C230,C*FYINSLTGCK,-0.4483447718830278,-0.36802589371446576,,0.10845267092926403,-0.23597266488940988
Q9BTX1_C369,NDC1_C369,EC*LNLLNGMTQK,-0.28015081721742296,-0.2743267001122574,-0.1638037929630144,,-0.2394271034308982
Q15021_C767,NCAPD2_C767,VACC*PLER,-0.35744893694735824,0.007598784564278014,-0.3431590353743015,-0.27677528336890633,-0.242446117781572
P21333_C1453,FLNA_C1453,C*SGPGLSPGMVR,0.1919513911578366,0.11567046005918948,0.14264525852428406,-1.4346723089415583,-0.24610129980006204
Q96F86_C47,EDC3_C47,C*LVPEVTFR,-0.2450579739968041,-0.22472851755288267,-0.19945078370249744,-0.32062664442699196,-0.24746597991979402
Q9ULM3_C81,YEATS2_C81,AC*IVANYYASAGLLK,0.04248683277654681,-0.14411872576198764,-0.4267854105654857,-0.4655992686497804,-0.2485041430501767
Q8IV38_C341,ANKMY2_C341,MVIYC*DQTCQK,-0.171425341044189,-0.3725002915590491,-0.007497943957218328,-0.4682503019044956,-0.254918469616238
Q96KQ7_C426,EHMT2_C426,GFEELPLC*SCR,-0.2027315107418588,-1.0245439173684134,-0.12139971298108275,0.31412322383418523,-0.25863797931429233
Q16531_C87,DDB1_C87,YNAC*ILEYK,-0.30072737827236456,0.11999339093780047,-0.5658161883055927,-0.3163697812795035,-0.26572998922991503
O15357_C1121,INPPL1_C1121,SC*SVLQMAK,-0.07800085020777503,-0.4963681106248255,-0.06392067595929374,-0.4975359375200782,-0.28395639357799307
O60293_C1864,ZFC3H1_C1864,FC*SVMPANSGLALR,-0.8086240026083519,-0.22210490932686275,0.15998740476384796,-0.2774336245365212,-0.2870437829269719
P83436_C174,COG7_C174,C*VHLEALK,-0.04936117715483945,-0.3343764097969735,-0.40187230470861335,-0.36750746300737047,-0.28827933866694916
Q86VP6_C245,CAND1_C245,TYIQ[0.9840]C*IAAISR,0.0654255030860416,,-0.4881652040028405,-0.4571498491254575,-0.2932965166807521
Q15154_C1616,PCM1_C1616,EHMDEVC*SSQLLTSVR,,-0.4399034760904316,0.08275733821314024,-0.5267661840969657,-0.29463744065808567
Q9Y4P3_C108,TBL2_C108,YLATC*ADDR,-0.3526343528052125,-0.1021437448224148,-0.2721684340009788,-0.4953113131597241,-0.3055644611970825
Q13643_C10,FHL3_C10,C*NESLYGR,-0.15297028493209297,-0.3373879026322277,-0.6005603839296929,-0.18505489624286256,-0.31899336693421904
P42566_C419,EPS15_C419,C*AEEAQLISSLK,-0.16031689102388313,-0.1509077314701094,-0.6535104788132403,-0.32935293457332454,-0.32352200897013933
Q8NBJ7_C290,SUMF2_C290,C*AADAGRPPGEL,-0.005515349717867972,-0.350875856371323,-0.4928993235922185,-0.4662336231763062,-0.3288810382144289
P55347_C109,PKNOX1_C109,EGKPFFC*EDPETDNLMVK,-0.37970051310424385,-0.30566560141986054,-0.36542433648154493,-0.2749022493783876,-0.33142317509600927
Q7Z7L1_C126,SLFN11_C126,LC*SLSSSLYR,-0.27912733104125975,-0.3159176709109036,-0.46200187652184005,-0.2971020200664897,-0.33853722463512326
Q8WWN8_C460,ARAP3_C460,C*FSFTAESGGAR,-0.3966041107183988,-0.11360587019046273,-0.5266831819407204,,-0.34563105428319396
Q92538_C1414,GBF1_C1414,DAAHITPDNFELC*VK,-0.4813598095555047,-0.20225121317469988,-0.2631557962956147,-0.4755004898671372,-0.35556682722323907
Q6PCD5_C424,RFWD3_C424,GSQAWVLSC*SPSSQGQHK,-0.16064558399294784,,-0.5199648426247068,-0.42133869640593,-0.36731637434119485
P38398_C801,BRCA1_C801,C*VSQCAAFENPK,-0.2515106603908118,-0.42566933391513084,-0.5366485044978239,-0.2567967190326997,-0.3676563044591165
O60333_C1771,KIF1B_C1771,TPNTFAVC*TK,-0.42673894310777916,-0.27579687126706165,-0.31947167380944363,-0.45297099157518006,-0.3687446199398661
P50336_C167,PPOX_C167,LGPEVASLAMDSLC*R,0.3611579289743658,-1.3986091338816349,-0.19301530401426303,-0.2561247700250621,-0.3716478197366485
Q9BYB4_C109,GNB1L_C109,SAVVDSVC*LESVGFCR,-0.10667737390399684,-0.4419167150925269,-0.1979784257895615,-0.7586808703283903,-0.3763133462786189
Q13427_C10,PPIG_C10,C*FFDIAINNQPAGR,-0.7703060137002271,0.38958963883245556,-0.10977003386111622,-1.0248560266856794,-0.37883560885364176
P09874_C256,PARP1_C256,VC*STNDLK,-0.4295804856919987,-0.45260131256590175,-0.449342563975798,-0.23934572741346308,-0.39271752241179037
Q9Y485_C2618,DMXL1_C2618,C*LNEIEADLGYPGGK,-0.5694468903428586,0.03358381079470492,-0.6693448498086123,-0.36888235218716653,-0.3935225703859831
Q92547_C276,TOPBP1_C276,GFC*QDESIYK,-0.529697113585877,-0.3717308033761497,-0.24480301322024536,-0.44077171804152226,-0.3967506620559486
Q9UBW7_C448,ZMYM2_C448,LC*SDHCFNR,-0.2621554295464281,-0.5580729118866251,-0.16428196122059743,-0.6799952647330454,-0.416126391846674
Q14119_C249,VEZF1_C249,GFSRPDHLSC*HVK,-0.644991485374473,-0.550230819194571,,-0.10817607005737681,-0.4344661248754736
Q9BYW2_C714,SETD2_C714,AC*MLSSNGFQNISR,-0.45978148451737216,-0.19181076113563614,-0.5401683113843834,-0.5637549839856528,-0.43887888525576113
Q9HCM9_C157,TRIM39_C157,C*LEPLEQK,,-0.06536103846636501,-0.4636799702005962,-0.8162534749902675,-0.44843149455240955
Q58A45_C259,PAN3_C259,NPIGC*LADR,-0.47769768615524744,-0.5654842633436381,-0.20747270374545407,-0.5520987743729118,-0.4506883569043128
Q9P2E3_C421,ZNFX1_C421,IITPMC*SSSGIVYK,-0.4643379123831865,0.005717897352962409,-0.3629477766809261,-1.017866415934324,-0.45985855191136854
O60293_C1904,ZFC3H1_C1904,MFTYNIPTC*LATWK,0.454565380054706,-0.03840308354466193,-0.4390841371397584,-1.9247252274895053,-0.48691176702980493
Q9NXV6_C503,CDKN2AIP_C503,SSQESIVC*ELR,-0.42561885991545206,-0.48310962341167984,-0.4746863802366767,-0.5649917347996688,-0.4871016495908693
P28482_C65,MAPK1_C65,ISPFEHQTYC*QR,-0.33177947643410743,-0.5043625661543155,-0.521832514377977,-0.6058742569595401,-0.49096220348148495
Q6R327_C218,RICTOR_C218,NVIDC*QLSR,-0.7088803215444845,-0.25088737008717044,-0.517785106531369,,-0.4925175993876746
Q9Y2U8_C754,LEMD3_C754,WIQPSASC*DK,-0.6020873963475933,-0.4063060449854055,-0.5350828831014901,-0.5127180835666785,-0.5140486020002919
Q9NSV4_C1158,DIAPH3_C1158,EAC*NVESNR,-0.3758372967170319,-0.29492526220196613,-0.9480310473622012,-0.4511181353641543,-0.5174779354113384
Q8NCD3_C663,HJURP_C663,SLLGSTAIEAPSSTC*VAR,-0.586807247666106,,-0.9162682971267377,-0.0831717428673505,-0.5287490958867314
O15228_C122,GNPAT_C122,FC*AFTLSK,,-0.4121590899574573,-0.6118530034701413,-0.5649483555583407,-0.529653482995313
Q7Z7K0_C31,CMC1_C31,C*SEQVQDFTK,-0.7991753122806401,-0.6010786433429753,0.4610363558448493,-1.2505737798418135,-0.547447844905145
O95248_C570,SBF1_C570,NC*ISYVFEGK,-0.6843617247759578,-0.5472207243525287,-0.5525669926427941,-0.44291825224110815,-0.5567669235030972
Q8IY47_C145,KBTBD2_C145,LLSFADLFSC*EELK,-0.5989022660678035,-0.5141738843742206,-0.9322101799915263,-0.20158752978746988,-0.5617184650552551
Q7Z6Z7_C1074,HUWE1_C1074,LC*VGSPVR,-0.32759375834581383,-0.8539980646095546,-0.534082662882332,,-0.5718914952792334
P52888_C246,THOP1_C246,KVEEAFNC*R,-1.3793349327004514,-0.16250882338838524,-0.3647704441354108,-0.5105330905320257,-0.6042868226890682
Q9UKG1_C341,APPL1_C341,YC*FQITSFDGK,0.1583372226698081,-0.14928854189745044,-2.1065217215873275,-0.3305396698144274,-0.6070031776573493
Q9ULK4_C225,MED23_C225,C*SLLPVVNNSGAICNSWK,,-0.5996927749238756,-0.8509768813957348,-0.3797593636492108,-0.6101430066562737
P52298_C81,NCBP2_C81,TAC*GFCFVEYYSR,-0.5566104777845922,-0.6037337612198058,-0.7203422397446311,-0.587698542763263,-0.617096255378073
Q5T011_C363,SZT2_C363,SGEALNPEYYC*GSQHR,0.02210938198161094,-0.4618212532425568,-1.4080596376568109,-0.6500336632402748,-0.6244512930395079
Q5VZL5_C1368,ZMYM4_C1368,IEEEHLWEC*K,-0.4469089558620886,-0.9804813802357258,-0.4076938953487719,-0.6931507242319931,-0.6320587389196448
O75643_C1706,SNRNP200_C1706,CVIMC*QGSK,,-0.40829984212848547,-0.6754329418225162,-0.8372514237723769,-0.6403280692411262
O95071_C2094,UBR5_C2094,NC*LEVLPTK,-0.7864844205765537,-0.7291731609597746,-0.5175079932914348,-0.5973541604931489,-0.6576299338302278
Q7Z392_C162,TRAPPC11_C162,AAALC*NACELSGK,,-0.8209937573815883,-0.8615400694838478,-0.3512310041469495,-0.6779216103374618
Q86UA1_C128,PRPF39_C128,FFIHYPYC*YGYWK,-0.5299601887897901,-0.5248408966923493,-0.933282732158812,-0.7287973138677176,-0.6792202828771673
Q8NCP5_C272,ZBTB44_C272,MADYVTC*ESTK,-0.8182916089689131,-0.004064338200795307,-0.9613195827937636,-0.9431813905036874,-0.6817142301167898
Q8N1G4_C367,LRRC47_C367,LHEDLC*EK,-0.6037057967764576,-0.626082646736451,-0.9597581121766059,-0.7366822232527201,-0.7315571947355586
Q96KP1_C842,EXOC2_C842,LMQC*VSSFSK,,-0.5794788208950907,-0.6812670258430543,-0.972172276768761,-0.7443060411689686
P49585_C139,PCYT1A_C139,YDAVQHC*R,-1.1839580537328234,-0.5674871542700546,-0.899399733970172,-0.3417887352064327,-0.7481584192948707
Q15542_C715,TAF5_C715,GHTDTVC*SLR,-0.9125816725930769,,-0.5784309178164749,-0.8108717572071336,-0.7672947825388952
Q6PJG2_C16,MIDEAS_C16,C*LFGGQEPAPK,-0.5635610351643902,-0.8703759670238913,-0.8725901560261311,-0.7959117472424787,-0.7756097263642228
Q14BN4_C227,SLMAP_C227,LEVMGNQLQAC*SK,0.22373737556254736,-2.5854794011755797,-0.1692455907977981,-0.6177870114272788,-0.7871936569595273
Q9BYW2_C1520,SETD2_C1520,AQGEIACGEDC*LNR,-0.5965195524310537,-0.9560006817444103,-0.9094785455613538,-0.6920564387566442,-0.7885138046233655
Q92576_C402,PHF3_C402,NKIEPLGYC*EDAESNR,-0.668212814675643,-0.5345255142100411,-1.0312351367740051,-0.9391734756223936,-0.7932867353205207
Q96Q05_C141,TRAPPC9_C141,TDVAFYPNYEDC*QTVEK,-0.9728013167351757,-0.7065666609087635,-0.6906725634437398,-0.8517325929816061,-0.8054432835173213
Q92673_C684,SORL1_C684,EDYEC*DFGFK,-0.7512388107579008,-0.35442346887023757,-1.2126729019210432,-0.9324561694672497,-0.8126978377541078
P42345_C713,MTOR_C713,ELAIC*TVGR,-0.9187116210371613,-0.08215867308627876,-0.8656565667811109,-1.3846370785177402,-0.8127909848555728
Q96RE7_C387,NACC1_C387,AQLMNC*HVSAGTR,-0.4928233294128321,-0.961045019045993,-0.8609842595177714,-0.9492756510880509,-0.8160320647661619
O15226_C242,NKRF_C242,LLTDGYAC*EVR,-0.7274069466476518,-0.982058830074428,-0.9686338115321607,-0.9378377231607662,-0.9039843278537516
Q9UHC7_C186,MKRN1_C186,TAPSC*TEAPLQGSVTK,-0.8333002025634751,-0.968469521188219,-1.273126125894685,-0.9499709200021922,-1.006216692412143
Q9H967_C342,WDR76_C342,FGQVGLC*DLTQQPK,-0.899801272045886,-0.9744747294937552,-0.8023798443142416,-1.5459715841341901,-1.0556568574970182
