Identifier,AltIdentifier,Modified_Peptide,"Log2R_/Users/jmontano/Documents/Rotations/Zaro Lab/Notebook/20240911_JLM191 - NCI60 isoDTB, CCRF-CEM, MOLT-4, and UACC-62/148-MOLT4/A1","Log2R_/Users/jmontano/Documents/Rotations/Zaro Lab/Notebook/20240911_JLM191 - NCI60 isoDTB, CCRF-CEM, MOLT-4, and UACC-62/148-MOLT4/A2","Log2R_/Users/jmontano/Documents/Rotations/Zaro Lab/Notebook/20240911_JLM191 - NCI60 isoDTB, CCRF-CEM, MOLT-4, and UACC-62/148-MOLT4/B1","Log2R_/Users/jmontano/Documents/Rotations/Zaro Lab/Notebook/20240911_JLM191 - NCI60 isoDTB, CCRF-CEM, MOLT-4, and UACC-62/148-MOLT4/B2",Log2R_Average,Log2 Ratio HL (Median) (Count*)
P13807_C699,GYS1_C699,ASC*TSSTSGSK,1.6242419241092012,0.4765563631548133,0.4342903465473023,0.37469990178830115,0.7274471338999045,4
Q13615_C826,MTMR3_C826,VGYGTSQSC*SLLPSQVPFETR,0.49614770118910856,0.5148373139993752,1.2888470693390808,0.4187439905625152,0.6796440187725199,4
Q8NBR6_C385,MINDY2_C385,AVGNC*SYNQLVEK,1.0414820280051447,0.5786272167282853,0.5635432130542104,0.49506170295144114,0.6696785401847704,4
Q9BSJ2_C469,TUBGCP2_C469,ECGHDVTC*PVAK,0.5078508830989682,0.4851665337255954,0.9594530835485079,0.5597292031944393,0.6280499258918777,4
O60256_C135,PRPSAP2_C135,LLASMMC*K,1.0913333646887358,0.5187904839075853,0.5312993527327076,0.36185745572656736,0.625820164263899,4
Q14202_C480,ZMYM3_C480,FC*NTTCLGAYK,0.41175832281421354,0.8561898408248241,0.5078906751383904,0.5453222670375426,0.5802902764537425,4
P46013_C1007,MKI67_C1007,MPC*QSLQPEPINTPTHTK,0.5133212324206019,0.5228583006685178,0.5311890353536354,0.7360719707809377,0.5758601348059231,4
P50748_C683,KNTC1_C683,DYQNTEEVC*QLR,0.5846282423837752,0.8157758255452492,0.39043099807773785,0.47907022202563987,0.5674763220081005,4
P21796_C232,VDAC1_C232,YQIDPDAC*FSAK,0.6607005787387125,0.49868748872374025,0.5573536265411477,0.5488311998821724,0.5663932234714433,4
P51532_C423,SMARCA4_C423,QEVVVC*MR,1.0158029532144186,0.4491861848368766,0.4589592456837782,0.33439291526241793,0.5645853247493727,4
Q2NL82_C126,TSR1_C126,DTGTVHLNELGNTQNFMLLC*PR,0.571069229421777,0.4844746873493225,0.6417450252623725,0.5235299977026565,0.5552047349340321,4
P54198_C763,HIRA_C763,MLSVFSTC*GR,1.009907702531733,0.5232635427748533,0.5417118062342963,0.14486918631238418,0.5549380594633165,4
Q86XP3_C339,DDX42_C339,ELC*QQIHAECK,0.5503050332899883,0.6636126083280834,0.5250822590270111,0.4690615800468447,0.5520153701729819,4
P16455_C150,MGMT_C150,VVC*SSGAVGNYSGGLAVK,0.5755880702847835,0.6244105165855032,0.5303803977309738,0.47360693468073733,0.5509964798204995,4
Q96GQ7_C259,DDX27_C259,DIC*ACAATGTGK,0.14108931113739648,0.12394771602886762,0.4690025619057962,1.455739590460543,0.5474447948831508,4
Q00796_C45,SORD_C45,MHSVGIC*GSDVHYWEYGR,0.4872608563844422,0.5854762933815718,0.5018402107668385,0.5720995637963067,0.5366692310822898,4
P00390_C102,GSR_C102,LGGTC*VNVGCVPK,0.47951859801370184,0.6422655840582887,0.4401038522535863,0.5548800472641129,0.5291920203974223,4
Q13867_C73,BLMH_C73,C*WIFSCLNVMR,0.5448352875091742,0.548774145723496,0.5473194084172405,0.456430279688312,0.5243397803345556,4
Q99496_C72,RNF2_C72,FC*ADCIITALR,0.39393832465386236,0.4170609603417319,0.5218254119916205,0.7523555314834572,0.521295057117668,4
Q8NF50_C186,DOCK8_C186,HLNVLC*DVSGK,0.31538799636264814,1.5134353341836995,0.18567397236790276,0.06908996270883216,0.5208968164057705,4
Q86WR0_C83,CCDC25_C83,ANSIQGC*K,0.44708082929186227,0.4210271140866141,0.5630962828354781,0.6478178485794097,0.519755518698341,4
Q9Y450_C491,HBS1L_C491,LC*VSDVFK,0.5499290499678375,0.6747598263848572,0.46995376440658876,0.35104692030853785,0.5114223902669554,4
O43242_C483,PSMD3_C483,ISFC*LDIHNMSVK,0.7261849953354378,0.37569770532759444,0.45699829587673496,0.48608350400914596,0.5112411251372283,4
P24723_C407,PRKCH_C407,KDVILQ[0.9840]DDDVEC*TMTEK,0.6466703265468127,0.5121798387697479,0.56459283811459,0.3183090344222003,0.5104380094633377,4
Q9BVC3_C98,DSCC1_C98,IADTSNMLLFIPGC*K,0.4654716210109655,0.3364987962291444,0.4481518361511751,0.7875674205015255,0.5094224184732026,4
Q8TCG2_C473,PI4K2B_C473,IVHLSNSFTQTVNC*R,0.2432037707876088,0.14506672340455296,0.3011757559926084,1.3160179638857143,0.5013660535176211,4
Q8IXW5_C105,RPAP2_C105,LCGYPLC*QK,0.5931564040402596,0.39760491824298355,0.5365065547226536,0.4745696942720556,0.500459392819488,4
Q9UPU7_C726,TBC1D2B_C726,HYSC*PTSEGIQK,0.5735341169208743,-0.1549095038634546,1.177211323559853,0.40304258691544625,0.4997196308831797,4
P27816_C635,MAP4_C635,C*SLPAEEDSVLEK,0.503260034240682,0.4333828301176237,0.43644188784906873,0.6251593413748403,0.49956102339555364,4
Q9C086_C334,INO80B_C334,TGQALCSLQC*YR,0.4346714910629734,0.40776682982400025,0.5509057454639207,0.6002120396963069,0.49838902651180034,4
Q13813_C1930,SPTAN1_C1930,VNDVC*TNGQDLIK,0.3536766745827575,0.5442297747420527,0.5693977784597037,0.5221673553565781,0.49736789578527296,4
P51649_C340,ALDH5A1_C340,NTGQTC*VCSNQFLVQR,0.4819516872351375,0.37937321068130797,0.5804636506025338,0.5460525668864804,0.49696027885136485,4
P13667_C555,PDIA4_C555,DVLIEFYAPWC*GHCK,0.4194362511883741,0.6053003447270267,0.4162487374414542,0.5136380925576607,0.4886558564786289,4
P53350_C573,PLK1_C573,LSLLEEYGCC*K,0.2407323849701342,1.0692260269800988,0.35351488663362124,0.29071847631866565,0.48854794372563,4
Q9Y696_C35,CLIC4_C35,IGNC*PFSQR,0.48729166104265376,0.5901007007911518,0.4190238971641337,0.4510368890594182,0.48686328701433945,4
O75643_C1127,SNRNP200_C1127,MWQSMC*PLR,0.7588744315634438,0.3498170876102644,0.36127383726695694,0.4768188707534894,0.48669605679853867,4
P49773_C84,HINT1_C84,C*AADLGLNK,0.9946478734828175,0.3959422560173403,0.18635245998406086,0.3501043717315877,0.4817617403039516,4
Q92614_C1163,MYO18A_C1163,SSC*CMGLSR,0.40621201347306507,0.563976975393108,,0.47249600181621654,0.48089499689412984,3
Q8N1G4_C224,LRRC47_C224,TLDLSNNQLSEIPAELADC*PK,0.417638283022855,0.6812666191705445,0.27903906595503014,0.5385832608609634,0.4791318072523483,4
Q9H089_C191,LSG1_C191,C*EDLECYVK,0.5357654114926186,0.6821934024870268,0.2582085936607196,0.4319767587573623,0.4770360415994318,4
O43491_C488,EPB41L2_C488,VC*VEHHTFYR,0.42367000091672935,0.31613621621885113,0.575717679005265,0.59183442511474,0.47683958031389634,4
Q7Z333_C555,SETX_C555,EGYQLGQQSLC*K,0.817014178643222,0.5059852312755404,0.141106310649742,0.4243312385377917,0.47210923977657404,4
Q99832_C345,CCT7_C345,C*QVFEETQIGGER,0.5144770959181522,0.23062376274780416,0.6399372932336029,0.5033755218335099,0.4721034184332673,4
Q14202_C484,ZMYM3_C484,FCNTTC*LGAYK,0.40798642103080973,0.610665663392459,0.509303850641991,0.35884111382435324,0.47169926222240327,4
P30876_C177,POLR2B_C177,DLCELNEC*PLDPGGYFIINGSEK,0.39855256706144215,0.43865684533244853,0.5571802846976227,0.4911963247408927,0.4713965054581015,4
P11216_C326,PYGB_C326,TC*FETFPDK,0.4627784559039983,0.48038443732749164,0.35943898852974376,0.5824950779502631,0.47127423992787415,4
O75367_C283,MACROH2A1_C283,FVIHCNSPVWGADKC*EELLEK,0.4163164756494922,0.272165661688207,0.4008081248755092,0.780795257033567,0.46752137981169384,4
Q9Y485_C1760,DMXL1_C1760,VLGIDSPVSELC*SLNINMHHDPFLR,0.42200880002734736,0.5888443109268785,0.4720472302992494,0.3707704050136252,0.46341768656677507,4
Q14141_C269,SEPTIN6_C269,QYPWGTVQVENEAHC*DFVK,0.5519745583517895,0.46026477467378385,0.43572262259325467,0.3935760927600182,0.46038451209471154,4
O95563_C54,MPC2_C54,WGLVC*AGLADMARPAEK,0.23485265273427106,0.5401069856267854,0.5476879149176143,0.5145457585347472,0.45929832795335446,4
Q00610_C1257,CLTC_C1257,EVC*FACVDGK,0.4600273685960344,0.15309088626884626,0.6921299729398488,0.5316366787870362,0.4592212266479414,4
Q9BRA2_C43,TXNDC17_C43,SWC*PDCVQ[0.9840]AEPVVR,0.287262030619204,0.4184941189200817,0.47343994977474685,0.6534452636730737,0.45816034074677653,4
P62241_C100,RPS8_C100,NC*IVLIDSTPYR,0.8913127822050972,0.4224490255211306,0.27963304771309183,0.2089659856252346,0.45059021026613855,4
Q15057_C339,ACAP2_C339,SC*MLQADSEK,0.5127760219266468,0.22448663207198907,0.4404724215919969,0.6202287764446229,0.44949096300881386,4
Q8N201_C1433,INTS1_C1433,SHFLAC*PLLR,0.5251783111710742,0.6169969710178198,0.23640519369373802,0.4150298033193336,0.44840256980049137,4
Q9NZL3_C554,ZNF224_C554,SFGWASC*LLK,0.38785194253124516,0.36080462960494797,0.48814525109862444,0.5526957131297645,0.4473743840911455,4
Q9BSC4_C16,NOL10_C16,IYSLSC*GK,0.4732666456849435,0.14548301813607528,0.41256493690036866,0.7486601827386,0.4449936958649968,4
Q7Z7A3_C302,CTU1_C302,ALCQAC*ALLDGLNR,0.16274623677407665,1.0031374083804752,0.4155894778028772,0.19140205394113968,0.4432187942246421,4
Q9BQ69_C199,MACROD1_C199,AAGPLLTDEC*R,0.3510195481438943,-0.017450858856809342,0.960353048901912,0.47283001042810063,0.4416879371542744,4
Q9BPW8_C138,NIPSNAP1_C138,FSGGYPALMDC*MNK,0.4221399246578681,0.3002519952471002,0.36683021340192823,0.6529429138163881,0.4355412617808212,4
P63244_C249,RACK1_C249,YWLC*AATGPSIK,0.33670711075604093,0.3341202421739424,0.5256109298117333,0.5438407307396367,0.43506975337033826,4
Q9UHD8_C531,SEPTIN9_C531,WGTIEVENTTHC*EFAYLR,0.7228289687046006,0.4484463273118386,0.4056373090279044,0.1633506155619051,0.4350658051515622,4
O00410_C687,IPO5_C687,STACQMLVC*YAK,0.4112636654162204,0.10756889593603411,0.8625998644630899,0.3546676606962137,0.4340250216278895,4
P35249_C177,RFC4_C177,FC*LICNYVSR,0.2552017873262006,0.7206544626925483,0.31189379606155404,0.43813471533647314,0.431471190354194,4
A6NHR9_C1710,SMCHD1_C1710,SC*TLPNYTK,0.21173682585363285,0.12458833864250486,0.9468435550105975,0.4264150037205108,0.4273959308068115,4
Q9H307_C249,PNN_C249,MC*PATQK,0.4922396309682732,0.45238365516846935,0.4718164677282699,0.2900943810542174,0.4266335337298074,4
O95336_C32,PGLS_C32,AAC*CLAGAR,0.39150858279856376,0.40310709915808046,0.43627208907348536,0.4606137494380163,0.42287538011703646,4
P42858_C2013,HTT_C2013,MVDILAC*R,0.06341762980587207,0.44121513839061366,1.1089121981286363,0.07335577760115465,0.4217251859815691,4
O75643_C502,SNRNP200_C502,AALETDENLLLC*APTGAGK,0.26893756946171576,0.30576299447058863,0.6074153183007902,0.5012783821580409,0.42084856609778387,4
Q63HN8_C978,RNF213_C978,EEPLSQITAYC*NSCWDTK,0.37543297343135046,0.40297859606051417,0.38539506686168606,0.507732468075752,0.41788477610732566,4
P50914_C54,RPL14_C54,C*MQLTDFILK,0.6851241762558915,0.15103150911127952,0.48007686728252674,0.3438770595536342,0.41502740305083297,4
Q96MX3_C288,ZNF48_C288,FVLSC*SLLSHQR,0.33113399147597533,0.18281107733092267,0.6749465211553602,0.4478935346073257,0.40919628114239603,4
Q32MZ4_C14,LRRFIP1_C14,EIDC*LSPEAQK,0.295852153563079,0.4111741152334116,0.29442148939674995,0.6202804670202049,0.4054320563033613,4
A8CG34_C438,POM121C_C438,IREEELC*HHSSSSTPLAADKESQGEK,0.6115837601828574,0.0030875659350953965,0.4352574554418888,0.567277926457724,0.40430167700439146,4
Q12769_C916,NUP160_C916,C*YLVTGEGQK,0.4174023851834618,0.011500268712556917,0.784834902496645,0.4003877548557361,0.4035313278120999,4
Q8IWE5_C735,PLEKHM2_C735,C*EASAVTVR,0.8379761659702355,0.36326867572717636,0.16422303349469644,0.23709425154503994,0.40064053168428704,4
P21333_C1018,FLNA_C1018,IVGPSGAAVPC*K,0.23534259708340863,0.26309293607533335,0.32153220530512444,0.7732640886294035,0.3983079567733175,4
P49591_C438,SARS1_C438,TIC*AILENYQTEK,0.4759149461804344,0.49804811758392586,0.27427943591395604,0.34083801670399805,0.3972701290955786,4
Q9NRL3_C713,STRN4_C713,TC*VQEITAHR,-0.2967416748645276,-0.12132740800130641,0.5646862122836555,1.439473167231388,0.39652257416230235,4
O60443_C180,GSDME_C180,C*GGIVGIQTK,0.0864106522252035,0.447129397638312,0.8938062548639203,0.15530819928568737,0.39566362600328076,4
P22061_C95,PCMT1_C95,ALDVGSGSGILTAC*FAR,0.3909882480134662,0.5313432695250443,0.5182889968580093,0.14188155613269454,0.3956255176323035,4
Q9NVA2_C268,SEPTIN11_C268,QYPWGVVQVENENHC*DFVK,0.4501441066484646,0.3851665043729237,0.316502413739955,0.42618898435570707,0.3945005022792626,4
P00491_C31,PNP_C31,HRPQVAIIC*GSGLGGLTDK,0.28571321926597815,0.30250276607702486,0.553760967710544,0.43354673346329675,0.3938809216292109,4
P09884_C691,POLA1_C691,MIC*DVEISAK,0.48294898570250655,0.1739989780685845,0.21662760790610117,0.6998204477074605,0.3933490048461632,4
Q16851_C123,UGP2_C123,LNGGLGTSMGC*K,0.42781422993401164,0.443856778557165,0.5391610598256708,0.1613610388008619,0.39304827677942733,4
Q14839_C493,CHD4_C493,C*TCPALK,0.15564528101321368,0.3576980398601789,0.46903151215877237,0.5834480294522061,0.39145571562109277,4
P30101_C57,PDIA3_C57,FFAPWC*GHCK,0.20414468551329998,0.5154947709379593,0.4321567595575016,0.4093044323409676,0.3902751620874321,4
Q9NXF1_C454,TEX10_C454,DC*SWIEMIR,0.2859587253694582,0.5727325084232971,0.3351749084909975,0.35148908860153116,0.38633880772132095,4
Q15527_C93,SURF2_C93,C*PEHVLR,0.24474446176867257,0.2304368227938375,0.5865989617357572,0.47804722624765755,0.3849568681364812,4
P63244_C138,RACK1_C138,LWNTLGVC*K,0.3366359466784532,0.8263332792742992,0.141026146056827,0.21165707565155914,0.37891311191528465,4
P35754_C23,GLRX_C23,VVVFIKPTC*PYCR,0.338848837481374,0.2950733682317761,0.5047389271466584,0.3760934098439099,0.3786886356759296,4
Q96JM3_C194,CHAMP1_C194,SVPVC*ESQK,0.21334158543428758,0.42985480159786926,0.4362401860255103,0.4286245694297544,0.3770152856218553,4
Q14241_C581,ELOA_C581,MMTLHQQC*IR,0.18470179429241584,0.4012331764887039,0.4169403926974654,0.5048946172996797,0.37694249519456613,4
Q9BUQ8_C543,DDX23_C543,C*TYVVLDEADR,0.5675279178400079,0.5949873142106984,-0.14531991102705488,0.4863363040963591,0.3758829062800026,4
P60002_C26,ELOF1_C26,MTGTLETQFTC*PFCNHEK,0.24866420761665234,0.5799690090770333,,0.29350925595183064,0.37404749088183875,3
Q8NFC6_C2599,BOD1L1_C2599,C*EQDLTIK,0.435538140422292,0.9320785620377308,-0.09508842403180126,0.21520325526781253,0.3719328834240085,4
Q01780_C411,EXOSC10_C411,LYC*NVDSNK,0.23994313392463276,0.0635792446292609,1.1680466458784604,0.011665587269896176,0.37080865292556253,4
Q12768_C385,WASHC5_C385,WLMLHTADSAC*DPNNKR,0.19381070494237512,0.6550991993954072,0.1743508361135162,0.44721069872647645,0.3676178597944437,4
Q5T4S7_C3414,UBR4_C3414,C*FLLESNSSSVR,0.3763089085850713,0.29165439430723406,0.24124143463183223,0.5564747146616459,0.3664198630464458,4
P35251_C916,RFC1_C916,AADSIC*DGDLVDSQIR,-0.1081603536607561,1.385371724506292,-0.07552121911068804,0.25556617029772566,0.3643140805081434,4
O14730_C171,RIOK3_C171,HDEVVC*GR,0.5695013747230453,0.42640809312089084,-0.10372506867544365,0.5371199129206785,0.3573260780222927,4
Q8WUM0_C530,NUP133_C530,AAFLQYC*R,0.061335591087506816,0.5531683809417407,0.4317680566815569,0.3690790391697578,0.3538377669701406,4
P21333_C1453,FLNA_C1453,C*SGPGLSPGMVR,0.37720020208219096,0.21842473580364338,0.4725573561342878,0.3420431903256943,0.3525563710864541,4
Q9UK73_C186,FEM1B_C186,AHC*GATALHFAAEAGHIDIVK,0.0036826039501754834,0.7523527749248189,0.289267228754623,0.3602019613399384,0.3513761422423889,4
O75925_C49,PIAS1_C49,AGC*SPAVQMK,0.08602329619781522,0.9182500869199719,0.313921659347971,0.08307202506973582,0.3503167668838734,4
Q9H5L6_C881,THAP9_C881,C*SSFANTSSK,0.5375902462316565,0.2354382870393991,0.4633393957772993,0.13641527624096286,0.34319580132232946,4
Q6PD62_C707,CTR9_C707,QYISAVQMYENC*LR,0.8146452423142103,0.5793365411792774,0.11256454440204167,-0.1339468215890051,0.343149876576631,4
Q96A33_C215,CCDC47_C215,VCC*EGMLIQLR,0.1907494442014292,,0.2555132959310963,0.578424636609903,0.3415624589141428,3
P38606_C277,ATP6V1A_C277,YSNSDVIIYVGC*GER,0.21269174235186955,0.3763141024833817,0.29214944869583953,0.47812723761663006,0.33982063278693025,4
Q63HN8_C3365,RNF213_C3365,NC*LTNTAK,0.3650136021883251,0.25373670869519316,0.6827888928330348,0.05068001530951622,0.3380548047565173,4
Q9BQ70_C216,TCF25_C216,C*TWLTTPK,0.032577491917182996,0.5596701109986532,0.21329634059275077,0.5459257638973176,0.3378674268514761,4
Q14004_C840,CDK13_C840,C*SNILLNNR,0.1036449477789982,,0.3552739285025741,0.5520426093959474,0.33698716189250655,3
Q99714_C91,HSD17B10_C91,VDVAVNC*AGIAVASK,0.5318213120641221,0.39570147623950686,-0.10770020073811984,0.52018895074794,0.33500288457836225,4
Q9H0C8_C312,ILKAP_C312,C*QLTPNDR,0.5327745574116843,0.5130499785946792,-0.08254906463119471,0.3569323984644334,0.33005196745990056,4
P42765_C92,ACAA2_C92,LC*GSGFQSIVNGCQEICVK,0.5307598240715009,0.4775201398277656,0.2459045936745877,0.04803962769586617,0.32555604631743007,4
Q9Y490_C1506,TLN1_C1506,HTSALC*NSCR,0.135095039405636,0.9135671283163608,0.11632841268252923,0.13038501457884746,0.32384389874584335,4
P24723_C399,PRKCH_C399,KDVILQDDDVEC*TMTEK,0.11852005715827103,0.4034220654236182,0.31160531361271054,0.45956994859577766,0.3232793461975943,4
P61081_C65,UBE2M_C65,LVIC*PDEGFYK,0.30897721912020987,0.2996163686106816,0.4635254957864025,0.21895412873592968,0.32276830306330584,4
Q9NXJ5_C149,PGPEP1_C149,YLC*DFTYYTSLYQSHGR,0.36114570408812324,0.3682050976963474,0.19097936764779183,0.34997699682246247,0.3175767915636812,4
Q13315_C1396,ATM_C1396,ATFAYISNC*HK,0.16573630856897764,0.6194823012897284,0.18288683238680215,0.2983904116331985,0.31662396346967664,4
P26583_C106,HMGB2_C106,RPPSAFFLFC*SEHRPK,0.478624355157813,-0.15389914814086522,0.6167545527878027,0.32296457148533425,0.31611108282252115,4
Q12912_C355,IRAG2_C355,SFNPLEDDDDC*QIK,0.2519956250378596,-0.06185503927534062,0.3946114516782926,0.6628715235450415,0.31190589024646326,4
Q99661_C572,KIF2C_C572,TCMIATISPGISSC*EYTLNTLR,0.3923852970016424,,0.3891147968094904,0.15153734084875567,0.3110124782199628,3
Q9Y696_C43,CLIC4_C43,AGSDGESIGN[0.9840]C*PFSQR,0.3262650259020259,0.37641914145235233,0.23101912328987614,0.2817080685505357,0.30385283979869754,4
P28340_C1015,POLD1_C1015,NCCIGC*R,0.3703819748569792,0.2980012985207248,0.27488414147252693,0.26805563420939943,0.30283076226490757,4
A5YKK6_C2359,CNOT1_C2359,LFQSVAQC*CMGQK,0.40695871737007333,-0.4776008585474503,0.7401445873017549,0.5406563633837043,0.30253970237702055,4
Q6L8Q7_C180,PDE12_C180,YIMAGFPVC*PK,0.1762932400252953,0.16149467059170772,0.2931946169802233,0.5573019562575194,0.29707112096368643,4
Q9BQ39_C488,DDX50_C488,TGIC*ICFYQPR,0.2032102749162485,1.0762607431287432,-0.029867684315481032,-0.07454769862340022,0.29376390877652764,4
Q460N5_C557,PARP14_C557,C*LFIAQK,0.33007204002034973,-0.0682370406158023,0.16693491031027488,0.7411190444394633,0.2924722385385714,4
Q15057_C53,ACAP2_C53,AFC*VANK,0.1862552720031855,0.04037752260184827,0.3996435302323499,0.5435152161521674,0.29244788524738774,4
Q96FX7_C209,TRMT61A_C209,FCSFSPC*IEQVQR,0.24418334133169314,0.2873290441357874,0.30464323001746174,0.33035542535626283,0.29162776021030123,4
Q9Y678_C280,COPG1_C280,NKHEMVVYEAASAIVNLPGC*SAK,0.5038974174468499,-0.0021604347614270214,0.20231847834893266,0.45593778850548206,0.2899983123849594,4
Q75QN2_C385,INTS8_C385,VC*ACNTVR,0.5292416820259341,0.024984739216300043,0.2260831613605026,0.3708710871333643,0.2877951674340252,4
Q8NI27_C1016,THOC2_C1016,TPNFSTLLC*YDR,0.7313225551771055,0.37764610573430796,-0.2540693799087015,0.29416402229939287,0.28726582582552623,4
Q13427_C33,PPIG_C33,VVFELFSDVC*PK,0.22225541836564472,0.309427225326917,-0.01078014832204744,0.6197907867255094,0.2851733205240059,4
Q9UPN4_C218,CEP131_C218,AATC*EGSESSGFGK,1.3266316431183494,-0.2243727412287672,0.13920127522459397,-0.10528093209529028,0.28404481125472136,4
P23743_C253,DGKA_C253,ALPC*EVSTYAK,0.5865363151349362,-0.431489481123799,0.5586066213783276,0.41812721039956807,0.2829451664472582,4
O95071_C2094,UBR5_C2094,NC*LEVLPTK,0.33356266717806915,0.30469068913258596,0.23068791649133286,0.24703452044813504,0.27899394831253077,4
Q9NUQ3_C480,TXLNG_C480,DLATPVMQPC*TALDSHK,0.10969868509907003,0.2892216294311223,0.3930241802264155,0.3032687673096246,0.2738033155165581,4
P50395_C414,GDI2_C414,TYDATTHFETTC*DDIK,0.5077515796361118,0.34043134846630335,-0.035378070729390886,,0.27093495245767474,3
Q9NYZ3_C519,GTSE1_C519,C*SGLPPMTPK,0.4702740858043636,,0.07955509599629565,0.25463940306857163,0.26815619495641024,3
Q9NU22_C4192,MDN1_C4192,LLTEISSSWDGC*QK,-0.14559726191438077,0.33269438663588746,0.2920448014016158,0.5902733979859447,0.2673538310272668,4
P54886_C546,ALDH18A1_C546,EEVEDLC*R,,0.4170207722465186,0.14742341553939975,0.22919184917082588,0.2645453456522481,3
Q9Y485_C2618,DMXL1_C2618,C*LNEIEADLGYPGGK,0.8489146770726488,-0.20891354054070868,0.12894899780075922,0.28613258098107713,0.2637706788284441,4
O15235_C64,MRPS12_C64,GVVLC*TFTR,1.0537991362371777,-0.09800586390620648,-0.09832995877346853,0.19070408800194924,0.26204185038986294,4
Q8TD19_C623,NEK9_C623,LLTFGC*NK,0.2961908647810947,0.25444103177210264,0.26527408768503724,0.2250925266922081,0.2602496277326107,4
Q9Y5P6_C149,GMPPB_C149,YGVVVC*EADTGR,-0.21073054456937848,0.299229403042976,0.4094415669416715,0.5321107057301966,0.25751278278636636,4
P10768_C181,ESD_C181,SVSAFAPICNPVLC*PWGK,-0.019201118669687912,0.3802664455293203,0.35813404427197465,0.30583506533280264,0.25625860911610243,4
Q86XI2_C498,NCAPG2_C498,IC*PMEHILVR,0.2316530403367455,0.40188833054689893,0.3148889674567191,0.06708012725662542,0.2538776163992472,4
Q14469_C128,HES1_C128,FLSTC*EGVNTEVR,-0.14375448740236832,0.40203801596906197,0.06396313068388856,0.6854118900600102,0.2519146373276481,4
O43172_C299,PRPF4_C299,DVNLASC*AADGSVK,0.2821957945473778,-0.013846082889193614,0.609676315946517,0.12557711601233051,0.2509007859042579,4
Q9NR30_C537,DDX21_C537,TGVC*ICFYQHK,0.0750143982365035,0.6892453622930844,0.02646552591101826,0.20972181951324856,0.25011177648846367,4
Q14683_C933,SMC1A_C933,HNLLQAC*K,0.06214185021082838,-0.10234737358915715,0.4354378021312887,0.5795797334986218,0.2437030030628954,4
O75037_C697,KIF21B_C697,VLQNLSTMEC*YTEEK,,0.11596471908934458,0.41517890508334193,0.1968906873356829,0.24267810383612315,3
Q8IX90_C290,SKA3_C290,SDAEYTNSPLVPTFC*TPGLK,0.20295375496116783,-0.24707295369285684,0.6820291895218156,0.32350300878961846,0.24035324989493626,4
O43390_C214,HNRNPR_C214,GYAFITFC*GK,0.42157267750053873,-0.16566967146353337,0.44373615365753216,0.2540447841908727,0.23842098597135253,4
Q13547_C273,HDAC1_C273,LGC*FNLTIK,0.057571045431278126,0.19465361887623492,0.37650048578746675,0.32390921243624843,0.23815859063280703,4
Q9NV56_C59,MRGBP_C59,HFHMIC*IR,0.045647691381028296,0.2704574528572531,0.33600973089246794,0.25896536760295913,0.2277700606834271,4
Q92918_C484,MAP4K1_C484,GC*ALLVK,0.10726305831055355,0.18719589152012378,0.29602908336278816,0.3145323532578173,0.22625509661282067,4
Q14146_C702,URB2_C702,C*DAAFIIGSGR,0.4812711273975572,,0.5836819230076055,-0.3991912256044596,0.22192060826690108,3
Q9NTI5_C732,PDS5B_C732,YAIHC*IHAIFSSK,0.20722572636494765,0.21066153508098975,0.3283395120072392,0.13125536066712065,0.2193705335300743,4
Q5VZL5_C1368,ZMYM4_C1368,IEEEHLWEC*K,0.5262583957511394,0.06686422869117109,0.1681974145454125,0.11220133263204524,0.21838034290494204,4
Q6P996_C206,PDXDC1_C206,VPC*NTVFGSQHQMDVAFLEK,-0.01932260175532558,,0.34171371897948366,0.3111229951012068,0.2111713707751216,3
Q9BYB4_C109,GNB1L_C109,SAVVDSVC*LESVGFCR,0.3382626430663148,0.15809852361166654,0.20294195125639555,0.13519150738276883,0.20862365632928642,4
P60604_C89,UBE2G2_C89,VC*ISILHAPGDDPMGYESSAER,0.11557966252473575,0.3288376078589434,0.2954858973714044,0.08492465479339743,0.20620695563712024,4
Q9UBB9_C445,TFIP11_C445,EWDPLKDC*TYGTEIISK,0.24904746413235226,-0.024501933928794302,0.4398288553523552,0.15716186895624168,0.20538406362803874,4
Q9Y5L0_C60,TNPO3_C60,QDVESC*YFAAQTMK,,0.5791504074847185,-0.11183619209682297,0.14692877506057705,0.20474766348282417,3
Q15021_C767,NCAPD2_C767,VACC*PLER,0.21168306549401592,0.13140939540031513,0.23737001229693108,0.22061759929430722,0.2002700181213923,4
O95347_C326,SMC2_C326,NLAC*EESK,-0.0646822336694293,0.35823467292653693,0.30744195019974213,0.18972413636432392,0.1976796314552934,4
Q9Y490_C2161,TLN1_C2161,QELAVFC*SPEPPAK,0.23194180919542962,0.03999963252050032,0.4997477456792069,0.006418026198520547,0.19452680339841433,4
Q6FIF0_C30,ZFAND6_C30,TNGMC*SVCYK,0.1166431589510611,0.1840064826524219,0.15660452146580314,0.309132141480154,0.19159657613736003,4
O75323_C93,NIPSNAP2_C93,IC*QEVLPK,-0.14709498367942472,0.34881526134156216,0.3145790956172407,0.2498259660598839,0.19153133483481552,4
P26639_C254,TARS1_C254,C*GPLIDLCR,0.2887426087105245,0.26150773961396956,-0.02047092168793814,0.17011455208918697,0.1749734946814357,4
Q14690_C151,PDCD11_C151,C*VVSSLGITDR,0.1001162618646421,-0.05523102368175566,0.35965681131191696,0.27617255073659375,0.17017865005784927,4
Q9UBC2_C470,EPS15L1_C470,C*QDETQMISSLK,0.28285681874432417,,0.06113168923310651,0.13963940482891574,0.16120930426878213,3
Q9BYB4_C116,GNB1L_C116,SAVVDSVCLESVGFC*R,,-0.09699612314844472,0.12762899156626553,0.44082520273136516,0.15715269038306198,3
P51692_C401,STAT5B_C401,NDYSGEILNNCC*VMEYHQATGTLSAHFR,-0.48216568312746266,0.8690637208790842,0.5513967205420174,-0.31594764305975076,0.15558677880847205,4
Q92878_C1302,RAD50_C1302,C*SVSSLGFNVH,0.2353368993133024,-0.0448024988995362,0.1426278132198127,0.27835062324618876,0.1528782092199419,4
Q6P1J9_C145,CDC73_C145,IEDEEC*VRLDK,0.3578345318634751,-0.10280947565036667,0.5420082000821056,-0.19142373203969174,0.15140238106388057,4
Q6DCA0_C153,AMMECR1L_C153,GC*IGTFSAMNLHSGLR,0.13496003604943305,0.06862708418216763,0.15109615029327958,0.22686871352990542,0.14538799601369642,4
Q9UNS2_C298,COPS3_C298,QC*LSSLYK,0.03551178946450617,0.06831234691150741,0.40132472324546264,0.06475131536188519,0.14247504374584033,4
Q14203_C81,DCTN1_C81,YFTC*DEGHGIFVR,,0.1704619460005651,-0.29979451478426655,0.5487834646577098,0.1398169652913361,3
P78559_C40,MAP1A_C40,LSKPCC*YIFPGGR,0.13091394474958398,-0.03590727682520125,-0.16717950470800025,0.6217940005382112,0.13740529093864842,4
Q9BWT1_C339,CDCA7_C339,C*ATGVLVYLAK,-0.5331530675627192,0.0987021424669771,0.6941988797200606,0.25648672294685765,0.12905866939279403,4
P84095_C157,RHOG_C157,YLEC*SALQQDGVK,0.07797289447443932,0.5667702665663888,-0.6541348553573924,0.48721480514235993,0.11945577770644894,4
Q9UHQ1_C99,NARF_C99,VLVVSVC*PQSLPYFAAK,-0.03839442516459733,0.04586323050684208,0.2849139047511815,0.17800710526458635,0.11759745383950314,4
O15014_C345,ZNF609_C345,TYVGTLLDC*TR,-0.2106059565062346,0.12191477565279547,0.2354003039997255,0.3184366155982404,0.11628643468613169,4
Q04760_C61,GLO1_C61,C*DFPIMK,0.026351374417275916,0.08122156514685312,-0.0662169711643317,0.38588661888597775,0.10681064682144377,4
Q02252_C317,ALDH6A1_C317,C*MALSTAVLVGEAK,0.2267630037412388,0.08019084236295608,-0.033261689486054326,0.14864192209911423,0.1055835196793137,4
O14607_C381,UTY_C381,C*SNTSTLAAR,0.21432519866642602,-0.08100450418004482,0.07905209325122979,0.1953346567574504,0.10192686112376534,4
Q92973_C467,TNPO1_C467,SITC*WTLSR,0.2380806192672259,-0.6155438758504299,0.3615824080917654,0.4200024693938096,0.10103040522559274,4
P07237_C397,P4HB_C397,NVFVEFYAPWC*GHCK,-0.04026712085173839,0.3700928457610306,0.12416344511412497,-0.09164522234840208,0.09058598691875375,4
P42704_C413,LRPPRC_C413,EVQMHSFPLQFTLHC*ALLANK,,-0.10965917551365795,0.13570192859139774,0.2433853874479166,0.08980938017521879,3
P21580_C54,TNFAIP3_C54,TC*QFCPQFR,0.06414129940268534,0.12388474293476781,0.01832126013244995,0.15218223664965402,0.08963238477988927,4
Q6UB35_C906,MTHFD1L_C906,YTQQGFGNLPIC*MAK,0.13841618146255064,0.0944809265834017,0.06748179320862042,0.04954181921126641,0.08748018011645978,4
P16455_C145,MGMT_C145,GNPVPILIPC*HR,0.10175283561596213,0.07597236452970815,0.02609457152268774,0.12467432933336958,0.0821235252504319,4
Q9NTJ5_C445,SACM1L_C445,NAWADNANAC*AK,0.13113161851059832,,-0.06881325437329756,0.16423577218427357,0.07551804544052478,3
Q9UBB9_C383,TFIP11_C383,VLEMVEEC*ER,-0.2889207196714437,0.7977970047534928,-0.2767402578569583,0.06765415381424028,0.07494754525983274,4
Q9Y2X0_C801,MED16_C801,C*GCVTMLK,0.11035363078071254,-0.1389759648345543,0.115696333135576,0.20506327348337608,0.07303431814127759,4
P62857_C27,RPS28_C27,TGSQGQC*TQVR,0.18241541979340048,0.3621998870104723,-0.7288192605319537,0.4243933941847144,0.06004736011415838,4
Q86VP6_C237,CAND1_C237,TYIQC*IAAISR,0.07081669879984832,0.30860747604850314,-0.1672645733306247,0.009429538405637988,0.055397284980841184,4
Q6R327_C218,RICTOR_C218,NVIDC*QLSR,,0.006048658971076236,0.2556566364518714,-0.10153026307860116,0.0533916774481155,3
Q9NY33_C509,DPP3_C509,FSTIASSYEEC*R,0.032579740264896156,0.011456553422162868,0.08261910590474364,0.06696310163829194,0.04840462530752365,4
P26639_C656,TARS1_C656,FMADIDLDPGC*TLNK,0.8138102491130915,-0.12181685016640781,0.10975392128871286,-0.6201821149998815,0.04539130130887878,4
P78527_C1507,PRKDC_C1507,QCLPSLDLSC*K,-0.0009632943634044766,0.576404544506318,-0.012321104114737193,-0.4136080000003444,0.037378036506957965,4
Q7Z2W4_C219,ZC3HAV1_C219,EHGLNPDVVQNIQDIC*NSK,0.4513014283969258,0.20596189379493576,-0.14652281643085993,-0.37918964357189994,0.03288771554727542,4
O95155_C113,UBE4B_C113,SQSMDIDGVSC*EK,-0.22888032878232356,0.6580478958402498,0.11348894562985475,-0.4320397480632791,0.027654191156125454,4
Q86W42_C35,THOC6_C35,LHMTIFSQSVSPC*GK,0.5317336077709005,-0.3217136080625641,-0.10416846029598845,-0.012730212251834017,0.023280331790128478,4
Q9Y4B6_C1070,DCAF1_C1070,YGGVDGGC*FDR,-0.09911523109772612,-0.3365494985884608,0.3969098063508135,0.1193554740678404,0.02015013768311674,4
Q5VZ89_C126,DENND4C_C126,C*ANVNNSSTTSQR,0.04723553593260525,0.09548098350681425,-0.04192521469925382,-0.024872195166215166,0.018979777393487628,4
Q9BSY9_C108,DESI2_C108,NC*NHFSSALSEILCGK,0.08361193143255596,0.029522639337069653,-0.025427077226010626,-0.10028370943364319,-0.0031440539725070514,4
O43422_C68,THAP12_C68,HFETSMIC*R,,-0.12478160756533783,0.00885413055120819,0.09827389289790142,-0.005884528038742738,3
P38606_C138,ATP6V1A_C138,WDFTPC*K,-0.19396692256185188,0.025113946128337526,-0.00013216973801923916,0.12013118756700224,-0.012213489651132833,4
Q15102_C205,PAFAH1B3_C205,LGYTPVC*R,0.3366847020880496,-0.4127496519309048,0.12018597689637149,-0.10189067967708942,-0.014442413155893275,4
O96028_C1198,NSD2_C1198,CGASNC*SGFLGDRPK,-0.20392562517050963,0.007727772504511851,0.25398219365227825,-0.14094898176082307,-0.02079116019363565,4
P24752_C126,ACAT1_C126,VC*ASGMK,-0.007832186281794825,0.022588963885381577,-0.0922632854392327,-0.05869356863884011,-0.034050019118621516,4
Q8N2K0_C52,ABHD12_C52,C*AADAGMK,-0.24933900963624644,-0.08216367977177286,-0.045704808525396254,0.19386355477610237,-0.0458359857893283,4
Q9HBH1_C108,PDF_C108,C*VGLSAPQLGVPR,-0.11353270592712678,0.06854718921673376,-0.1475296764468205,0.00013519068693441244,-0.04809500061756977,4
O00267_C626,SUPT5H_C626,SFAFLHC*K,-0.15072261345040183,0.05147297430329938,-0.12012248777008902,0.026003948948554987,-0.04834204449215911,4
Q96HA1_C217,POM121_C217,DC*GTLPNR,-0.024627450553823926,-0.7737920095717647,0.18991818979335276,0.35080446306349206,-0.06442420181718596,4
P78527_C373,PRKDC_C373,GYGLFAGPC*K,-0.25821878569185325,-0.6649000110566026,0.16491214247459776,0.49782041445090286,-0.06509655995573876,4
Q86Y56_C612,DNAAF5_C612,AC*LQPSQDPQMR,0.028999354918872115,-0.3200740946391192,-0.07127119332916546,0.055765995529006844,-0.07664498438010142,4
P49005_C83,POLD2_C83,LC*ELQPEEK,0.0735955484459812,-0.19621178442719756,,-0.11807948199054522,-0.08023190599058719,3
P22234_C185,PAICS_C185,SWLPQNC*TLVDMK,-0.3283958305307519,-0.8861881361593111,0.4339979988085413,0.4084994499430291,-0.09302162948462317,4
Q96RE7_C387,NACC1_C387,AQLMNC*HVSAGTR,-0.0863814703735541,0.11373040412637626,-0.3571966731045071,,-0.10994924645056164,3
O95985_C691,TOP3B_C691,SYPLCPYC*YNHPPFR,0.0021426877451927347,-0.25643952097874817,-0.06448852793461031,-0.13715495702828873,-0.1139850795491136,4
P31040_C443,SDHA_C443,HVNGQDQIVPGLYACGEAAC*ASVHGANR,-0.04669552327169793,,-0.33302179231413986,0.03125579002925898,-0.11615384185219292,3
Q96HR3_C34,MED30_C34,EVNTASLC*R,0.3056070141187779,-0.19904551088846067,-0.09628361177954177,-0.4815767543280859,-0.11782471571932761,4
Q92747_C279,ARPC1A_C279,GC*LTFVSK,0.15050763461622946,-0.5722071211243519,0.11801334506268571,-0.16770776446045976,-0.11784847647647412,4
P78527_C458,PRKDC_C458,MQLVCC*R,0.5202847637656918,-0.16854410439409487,-0.721342967837601,,-0.12320076948866801,3
Q5T4S7_C1900,UBR4_C1900,VAMC*VLSSPHGR,0.04820413864187954,0.7748042483401563,-0.9490254491434421,-0.39715708286967766,-0.13079353625777096,4
Q6PGP7_C1031,SKIC3_C1031,LLC*STGEYDK,-0.5992251655262592,0.1462018039864454,-0.6287555060723432,0.4733943650126598,-0.15209612564987424,4
Q96T76_C286,MMS19_C286,LDSLQTLNACC*AVYGQK,0.5135967721587794,,-0.6734282875573112,-0.3071852042349404,-0.15567223987782405,3
Q92616_C55,GCN1_C55,LFC*LTLHR,-0.6855379014209529,-0.5748925846840026,-0.05616849074542919,0.6024150221472443,-0.1785459886757851,4
O75582_C631,RPS6KA5_C631,SLTC*TSAVEIMK,-0.12520452719756847,-0.6146848557898912,-0.007354807409899755,-0.05228985554985625,-0.19988351148680392,4
Q8IY18_C482,SMC5_C482,VC*EPIMLTINMK,-0.5405439913020222,-0.5127072871605607,,0.4199013018382317,-0.21111665887478373,3
O94819_C537,KBTBD11_C537,QWSPC*VAPLR,-0.6934525209373502,0.9134523589240554,-0.5005183823168581,-0.5656687645899063,-0.21154682723001478,4
O75691_C1794,UTP20_C1794,C*LASTTK,-0.11129028302868368,0.12378467477008433,-0.6514787631214348,,-0.2129947904600114,3
Q96GQ7_C261,DDX27_C261,DICAC*AATGTGK,-0.6453402010174135,-0.7538081290883718,-0.39723941277967434,0.9366535731937765,-0.2149335424229207,4
O60934_C119,NBN_C119,FRIEYEPLVACSSC*LDVSGK,,-0.5310485062656687,-0.21936492189403092,0.0636687668411634,-0.2289148871061787,3
Q8NI27_C981,THOC2_C981,FLQLC*IFPR,-0.006194680862123483,,-0.7792309760159107,0.0917378574363667,-0.23122926648055583,3
P21580_C677,TNFAIP3_C677,C*FIEAQNQR,-0.8583293880497892,0.07358770381372873,-0.09463484824216968,-0.11746002731245672,-0.24920913994767172,4
P30519_C282,HMOX2_C282,GALEGSSC*PFR,0.3041552124788433,-0.7599646844432272,0.3053200552759325,-0.8595981672445995,-0.2525218959832627,4
Q9H936_C271,SLC25A22_C271,GVNEDTYSGILDC*AR,-0.7585350083919713,-0.31381532314226385,0.18185270114049157,-0.12626315545872713,-0.2541901964631177,4
P12270_C1127,TPR_C1127,AESQLLEC*K,,0.10122841111188845,-0.4793947465628823,-0.38558220496444734,-0.25458284680514703,3
Q8TCG1_C445,CIP2A_C445,C*TTLIEQQFTYGK,-0.25935938415762866,-0.3397310428214036,-0.29595706547507405,-0.2230564988433525,-0.2795259978243647,4
P52298_C81,NCBP2_C81,TAC*GFCFVEYYSR,-0.45955147402561786,0.49578306869490324,-0.6034570154983868,-0.5652444034593176,-0.28311745607210476,4
Q96F86_C47,EDC3_C47,C*LVPEVTFR,-0.16429121205840216,-0.552732223078278,-0.20732437052661484,-0.21065750201983363,-0.2837513269207821,4
Q96T88_C762,UHRF1_C762,AQVFSCPAC*R,-0.35416810614080646,-0.7230502431222132,-0.12840181322915167,-0.11672270146066005,-0.33058571598820785,4
O15269_C133,SPTLC1_C133,YGVGTC*GPR,-0.7928371410195535,-0.29656412359695766,-0.4293910219822471,0.17829966855943735,-0.3351231545098302,4
Q9H3S7_C1445,PTPN23_C1445,FC*YEAVVR,-0.6268711970843518,-0.6411587520651783,-0.08529115332989103,-0.0674345122490602,-0.3551889036821203,4
Q02543_C64,RPL18A_C64,SSGEIVYC*GQVFEK,,-0.364624178503933,-0.39031940116534086,-0.3128615154740082,-0.3559350317144273,3
Q9UKA4_C1488,AKAP11_C1488,SLTDSC*LFEK,-0.5675141705299711,-0.7185518458467355,-0.42672888691467686,0.2597329211277036,-0.36326549554091997,4
Q9UBT2_C173,UBA2_C173,TFPGC*TIR,0.010149543000100781,-0.25947837275382557,-0.9240221481373219,-0.3071077497937617,-0.37011468192120206,4
O94915_C288,FRYL_C288,NEVNVPC*LK,-1.2194227883137378,-0.7245115780465595,0.09880557154010533,0.2935152898377662,-0.3879033762456064,4
A2RRP1_C269,NBAS_C269,ASSC*GLSAWR,-0.7845952746389457,-0.7271348985507882,0.1526565139200397,-0.23443314382177818,-0.3983767007728681,4
Q9BRS2_C264,RIOK1_C264,LNTAEIPC*PEPIMLR,-0.41852527773286713,,-0.6075987176421205,-0.1868641035688742,-0.4043293663146206,3
Q96FV9_C452,THOC1_C452,LWNLCPDNMEAC*K,-0.09032679617791325,-0.12415973769904586,-0.10413474266565811,-1.3369369785991736,-0.4138895637854477,4
P07237_C53,P4HB_C53,YLLVEFYAPWC*GHCK,-0.7747003177875585,-0.032665281744945186,-0.7448453338465729,-0.11223534926913993,-0.4161115706620542,4
Q9Y4A5_C3535,TRRAP_C3535,IYPYLVMNDAC*LTESR,-0.06377424812756272,-1.0586362514798402,-0.3158538360664482,-0.3082554143451658,-0.4366299375047542,4
Q15649_C30,ZNHIT3_C30,VPYC*SVVCFR,-0.6571853974928826,-0.1791277701333332,-0.6711140571007337,-0.28684268782059463,-0.448567478136886,4
Q53GL7_C50,PARP10_C50,LGC*GGVLTFR,-0.9657303046174219,-0.5865131984694202,0.034902207495082875,-0.2923303911794809,-0.45241792169281003,4
Q92547_C276,TOPBP1_C276,GFC*QDESIYK,-0.06349055530890728,-0.5599341947111525,-0.7859047403830232,-0.42193579368320255,-0.4578163210215713,4
Q9NXE4_C221,SMPD4_C221,TSDC*AYFILVDR,0.08103768925508835,-0.7378004674907128,-0.6269317500800434,-0.565656198067663,-0.46233768159583266,4
P52789_C834,HK2_C834,AAQLC*GAGMAAVVDR,,-0.544052387942049,-0.49653817201813744,-0.35529872865807394,-0.46529642953942013,3
P24928_C1245,POLR2A_C1245,INAGFGDDLNC*IFNDDNAEK,-0.2473900710376498,-0.8317171823779981,-0.24298942531131873,-0.6710501149321776,-0.498286698414786,4
Q9ULM3_C420,YEATS2_C420,VTFC*SHGNSAFQPIASSCK,-0.4372990864759366,-0.9329057542669014,-0.2526159483142528,-0.38092691306229787,-0.5009369255298471,4
P63220_C56,RPS21_C56,TYAIC*GAIR,-0.6649826328372164,-0.6242117640643245,-0.4298629903256766,-0.31674041832173505,-0.5089494513872381,4
Q96L91_C1820,EP400_C1820,C*GESLQDVIDR,-0.8070349623206711,-0.17980788782081633,-0.7092120714581309,-0.47885680051866153,-0.5437279305295699,4
Q13769_C59,THOC5_C59,YTC*QELQR,-0.4900866989969726,-0.5091349268130806,-0.61844147093275,-0.7749947288181213,-0.5981644563902312,4
Q9H9E3_C25,COG4_C25,C*SEISAELIR,-0.13405033553443654,-0.8672770316407911,-0.593770206986584,-0.8160999474578831,-0.6027993804049236,4
P55199_C14,ELL_C14,SYGLSC*GR,-0.5362818187101417,,-0.5625942220166761,-0.7538081290883718,-0.6175613899383965,3
A2RRP1_C588,NBAS_C588,SWVLHEC*LER,-0.6755543507876602,-0.2297024870828287,-0.6960297785701427,-0.9661527494523768,-0.641859841473252,4
O94874_C372,UFL1_C372,FINDC*TELFR,-0.6487051358102351,-1.1876729399954162,0.15978004598009501,-0.9085100544337606,-0.6462770210648292,4
Q8TEH3_C338,DENND1A_C338,IEPEEPITFC*EEAFVSHYR,-0.9998765217409974,,-0.6898973348474471,-0.33717334037636615,-0.6756490656549368,3
Q96KQ7_C481,EHMT2_C481,VALMVLC*ETHR,-0.5977642929142818,-0.11398830093570508,-1.2806054340735695,-0.8013497859793115,-0.6984269534757169,4
Q9UKJ3_C639,GPATCH8_C639,MDAPASGSAC*SGLNK,-1.5050294541565812,-0.3975601705225136,-0.7107254529696494,-0.41795291190795353,-0.7578169973891744,4
P50748_C390,KNTC1_C390,C*LTEALPENR,-1.9985509142493312,-0.6414972865880257,-0.09875108710039342,-0.3219819264613842,-0.7651953035997835,4
Q9Y2U8_C754,LEMD3_C754,WIQPSASC*DK,-0.656861464970694,-0.8233313310530758,-0.8236530343215205,-0.7753134843509172,-0.7697898286740519,4
Q9C0C9_C341,UBE2O_C341,LGC*FDHAQR,-1.149935376203589,-0.881847204216169,-0.5786512764903322,-0.9035003755043609,-0.8784835581036128,4
P50213_C331,IDH3A_C331,IEAAC*FATIK,-2.0653940603095493,-0.2546130216185837,-0.48262853816833506,-0.8034442137961053,-0.9015199584731434,4
Q12933_C37,TRAF2_C37,YLCSAC*R,-0.9026445575220984,-1.091052399720816,-0.9517981899969407,-0.9329568112714894,-0.969612989627836,4
Q9NXV6_C503,CDKN2AIP_C503,SSQESIVC*ELR,-0.15419193285368554,-4.709651898262508,0.44809827826495857,-0.15088472256377508,-1.1416575688537527,4
