Identifier,AltIdentifier,Modified_Peptide,"Log2R_/Users/jmontano/Documents/Rotations/Zaro Lab/Notebook/20240814_JLM184 - NCI60 isoSTB, NCI-H226, OVCAR-8 and SV-MEL-2/158-OVCAR8/results/A1","Log2R_/Users/jmontano/Documents/Rotations/Zaro Lab/Notebook/20240814_JLM184 - NCI60 isoSTB, NCI-H226, OVCAR-8 and SV-MEL-2/158-OVCAR8/results/A2","Log2R_/Users/jmontano/Documents/Rotations/Zaro Lab/Notebook/20240814_JLM184 - NCI60 isoSTB, NCI-H226, OVCAR-8 and SV-MEL-2/158-OVCAR8/results/B1","Log2R_/Users/jmontano/Documents/Rotations/Zaro Lab/Notebook/20240814_JLM184 - NCI60 isoSTB, NCI-H226, OVCAR-8 and SV-MEL-2/158-OVCAR8/results/B2",Log2R_Average
Q8N2G8_C82,GHDC_C82,WCLQGAQRPHC*SLR,0.34175049648883965,4.941165396525977,0.33184758295783795,0.28426312066241527,1.4747566491587676
Q9Y2T2_C236,AP3M1_C236,LLDDVSFHPC*IR,3.597440209204106,0.42997442248961376,0.08398192493346215,-0.3056500839940434,0.9514366181582844
P52701_C783,MSH6_C783,QWLCAPLC*NHYAINDR,0.3240134932303909,0.49312713143983716,0.5420622980868912,2.2250352888500347,0.8960595529017885
Q9BYT8_C199,NLN_C199,MSELC*IDFNK,0.5028325322963381,0.37117069789731183,1.954093161491628,0.2773018748715361,0.7763495666392034
Q9P2P1_C1874,NYNRIN_C1874,LGC*IYPSSLMK,0.5577601486865792,0.23524631635574159,0.3178982153496436,1.9250833473171993,0.7589970069272909
P28066_C76,PSMA5_C76,IVEIDAHIGC*AMSGLIADAK,0.5372249187357803,2.0686669339782537,0.3493612828393857,-0.05332329377383067,0.7254824604448973
Q5FWF5_C376,ESCO1_C376,C*ILNGINSSAK,1.606157236310628,0.582967384280381,0.5648323661907712,-0.07743020516438819,0.6691316954043479
Q9HCK8_C832,CHD8_C832,NC*ILADEMGLGK,0.49774965042303215,0.5360101461816886,0.500210010015539,1.1390188665517642,0.668247168293006
Q5TCZ1_C749,SH3PXD2A_C749,DADANAGLTSC*PR,0.20277922958533834,0.17501464894168564,1.714866487066248,0.5654741286407934,0.6645336235585162
O15397_C478,IPO8_C478,SC*WVLHAFSSLK,0.541476797885587,1.5144117580823822,0.5728898534103114,-0.03177337377303444,0.6492512589013114
Q8NBJ5_C412,COLGALT1_C412,GELGC*FLSHYNIWK,0.9609817966723748,0.5267312064722335,0.5367569624654774,0.5644584112108273,0.6472320942052283
Q03164_C1536,KMT2A_C1536,SC*GSTTPGK,0.5492444876140185,0.380723290930306,1.0210575676986002,0.5675221153742033,0.629636865404282
P32320_C8,CDA_C8,RPAC*TLKPECVQQLLVCSQEAK,0.5229793107485957,0.44483038576786305,0.9728194379869831,0.4977727788845222,0.609600478346991
Q8TAT6_C208,NPLOC4_C208,C*QPSAITLNR,0.49824334288673455,1.229638544157412,0.3549943954983124,0.35182997572028607,0.6086765645656862
P35250_C255,RFC2_C255,VC*DEPHPLLVK,0.5556054410287483,0.9380716429497894,0.56869044079097,0.3578835246798362,0.605062762362336
Q9BV57_C70,ADI1_C70,NYSWMDIITIC*K,0.5229519018372072,0.546636392934727,0.768212599078792,0.5118990832022505,0.5874249942632441
Q16401_C64,PSMD5_C64,TTLC*VSILER,0.515919357905932,0.8522783232939541,0.4435481154870571,0.5098323779195522,0.5803945436516238
P48739_C94,PITPNB_C94,AWNAYPYC*R,0.7690089998714262,0.5402607360944655,0.5228247847070321,0.4457653299847431,0.5694649626644168
Q9NS18_C77,GLRX2_C77,TSC*SYCTMAK,0.5477467190182418,0.5145510623026845,0.7199540627922338,0.4862523212212341,0.5671260413335986
Q9Y2L1_C549,DIS3_C549,RIDMVPELLSSNLC*SLK,0.48431561252770183,1.0603115050466159,0.15019368206191577,0.5411962501154683,0.5590042624379254
Q6UXN9_C287,WDR82_C287,HTGPITC*LQFNPK,0.519816910477831,0.02265938147098259,0.5810987286770782,1.0972224879135537,0.5551993771348613
O00622_C353,CCN1_C353,NVMMIQSC*K,0.5034712908046097,1.4196115145839856,-0.031014415716155413,0.3274749342039822,0.5548858309691056
P78417_C32,GSTO1_C32,FC*PFAER,0.3021047772552061,0.5354742582979436,0.8018886016614086,0.5571556218722762,0.5491558147717086
Q96EK7_C14,FAM120B_C14,GLQGFVGSTC*PHICTVVNFK,0.3956034273574748,0.4314398348637762,0.5464302123026521,0.8207819749657702,0.5485638623724183
Q9Y333_C26,LSM2_C26,NDLSIC*GTLHSVDQYLNIK,0.3539735526907577,0.5706835522624224,0.5600141677888857,0.6805655609943745,0.54130920843411
Q9UBG0_C927,MRC2_C927,C*VYMTASR,0.22104379116615375,0.9065525527711259,0.4613667822973541,0.5718948437739787,0.5402144925021531
O95905_C267,ECD_C267,C*LYAQLVQQR,0.8376108994580043,0.19196177956682567,0.4881209734221176,0.5842131497172846,0.525476700541058
Q14669_C332,TRIP12_C332,TTGSC*ASTSR,0.528798539834841,0.47423076476306786,0.5327863263405852,0.5450257282219905,0.5202103397901211
Q5TGY3_C1402,AHDC1_C1402,AYSPTC*SPTLGFK,0.06221794627943973,0.20326539759568346,1.5550898761579666,0.2521878348354925,0.5181902637171455
O43776_C511,NARS1_C511,YGTC*PHGGYGLGLER,0.48432214250597694,0.422267990019734,0.5252472146642874,0.6373044992472697,0.517285461609317
Q9NR56_C27,MBNL1_C27,GTC*SRPDTECK,0.5741942503990243,0.7917238078694105,0.4818997986927025,0.21139224959540118,0.5148025266391346
Q969M7_C52,UBE2F_C52,EVAELEANLPCTC*K,0.4730622216787472,0.3930533862908155,0.6107817807500859,0.5810448102208529,0.5144855497351254
P35998_C389,PSMC2_C389,SVC*TEAGMFAIR,0.5201328270263469,0.4952436338549096,0.5644360998113982,0.4685925987579031,0.5121012898626394
O60518_C118,RANBP6_C118,LC*DIFAVLAR,0.545076294993578,0.48436159113303046,0.22741529011150016,0.791265350859848,0.5120296317744891
P40763_C259,STAT3_C259,QQIACIGGPPNIC*LDR,0.5160859943869062,0.49371636732373403,0.5519845072075218,0.4671737403912678,0.5072401523273574
Q9BYP7_C927,WNK3_C927,DTLLTIENNPC*HR,0.47803685433307663,0.34236933084016974,0.8850975487464264,0.31794277928699977,0.5058616283016681
Q12933_C287,TRAF2_C287,TATFENIVC*VLNR,0.42353233214880925,0.5604204201537828,0.3668581835561017,0.6712073796733194,0.5055045788830033
Q96GM5_C492,SMARCD1_C492,AEFYFQPWAQEAVC*R,0.5742272555166688,0.3968351842285555,0.6299753406716567,0.3962859122944242,0.49933092317782624
Q96JH7_C344,VCPIP1_C344,DGHLNKPIC*IAWSSSGR,0.735992050337231,0.4783806929507047,0.2107937983634251,0.5457073465074807,0.4927184720397103
Q14919_C73,DRAP1_C73,QC*IELEQQFDFLK,0.08022777115386635,0.47449542989727916,0.4753500242580654,0.9405986172523112,0.49266796064038054
P30101_C57,PDIA3_C57,FFAPWC*GHCK,0.4015755029550528,0.3364126974340115,0.4840438908526489,0.7473437097044793,0.4923439502365481
Q02880_C191,TOP2B_C191,LC*NIFSTK,0.47154436599548866,0.2944757591360827,0.30681879256561667,0.8840509641914558,0.48922247047216094
P00505_C187,GOT2_C187,TC*GFDFTGAVEDISK,1.5015463834498775,0.01519759931117437,0.19665851234237114,0.2381262365580153,0.48788218291535956
O43422_C644,THAP12_C644,SDLPNPDTLSAELHC*WR,0.5706409388803445,0.4300105493680748,,0.45936982863807774,0.486673772295499
Q9Y4F1_C309,FARP1_C309,IC*VEHHAFFR,0.37403108665839946,0.4659722481829566,0.1623203296902411,0.9387205559493221,0.4852610551202298
Q16851_C276,UGP2_C276,C*EFVMEVTNK,0.5178387611588714,0.3995617854968193,0.5574494444281026,0.4570917587662214,0.4829854374625036
P53396_C229,ACLY_C229,VDATADYIC*K,0.5602767344311369,0.8739102224055001,0.32913224844753985,0.12648486966622868,0.4724510187376013
P35237_C350,SERPINB6_C350,FC*ADHPFLFFIQHSK,0.3957250545786889,0.9029269275892307,0.30482119959715304,0.2776594187739543,0.4702831501347567
Q9H3S7_C1445,PTPN23_C1445,FC*YEAVVR,0.46114442424144914,0.4505661526445184,0.5000059341919565,0.4610364807840859,0.46818824796550246
Q9UJF2_C360,RASAL2_C360,C*GEHDVLIFR,1.7250793350796656,0.16437191916343197,-0.12462669274397431,0.06566779648604837,0.4576230894962929
Q96QF0_C348,RAB3IP_C348,IYQEDIFPC*LTFSK,1.2351983927487473,0.2727189051071046,0.5355965877633335,-0.2392908120470375,0.45105576839303685
Q5VZ89_C126,DENND4C_C126,C*ANVN[0.9840]NSSTTSQR,0.40533522333219796,0.3885051858952259,0.6143434254030129,0.37712565070349197,0.4463273713334821
Q8TEQ0_C121,SNX29_C121,C*ALNEHSLER,0.5318198764904312,0.4633992697131633,0.4144227883349789,0.3500652155332567,0.4399267875179575
Q06136_C121,KDSR_C121,LGPVDMLVNC*AGMAVSGK,0.30890323650883644,0.4756577411554363,0.7889837306923375,0.1853580168766475,0.4397256813083144
Q92538_C1414,GBF1_C1414,DAAHITPDNFELC*VK,0.3749668630672967,,0.5498931338671078,0.389388061113578,0.4380826860159941
Q9UKN8_C257,GTF3C4_C257,MEWSGIC*TTQQVK,0.5478657260951372,0.5483342563905018,0.5076276564981352,0.14442469990188006,0.4370630847214136
Q9Y520_C2340,PRRC2C_C2340,STTTSDPPNIC*K,0.24135632409219687,0.3180321896969004,0.6486499630524125,0.5353857528757893,0.43585605742932476
O15327_C210,INPP4B_C210,CALVC*ECTAPESVSGK,0.18563098145309792,0.5025737260006459,0.3766417628638418,0.6714759552049632,0.43408060638063717
Q02447_C600,SP3_C600,VAC*TCPNCK,0.3538645519607168,0.5257640453310805,0.27880603028726864,0.5767624980334959,0.4337992814031404
P58005_C411,SESN3_C411,ALFNYVHC*MFGIR,0.7913961263146335,0.14680139903481595,0.44444723983972517,0.35209045063870126,0.433683803956969
Q86U86_C1228,PBRM1_C1228,EVFLSNLEETCPMTC*ILGK,0.4628362318063347,0.4549498635604821,0.4994815799350463,0.30387674178055507,0.43028610427060454
Q7Z3T8_C800,ZFYVE16_C800,VCVVC*YETISK,0.360759361205814,0.05642223269722084,0.8861480272471169,0.4120397390201348,0.4288423400425716
Q5VWN6_C1534,TASOR2_C1534,C*TGDFSPSPEK,0.8492568552858377,0.34062381067825975,0.1548442163857294,0.3679141992650506,0.42815977040371933
P48960_C802,ADGRE5_C802,WAC*LVAGGSK,0.4498176587342817,0.4178382251689101,,0.4120308203777334,0.42656223476030836
Q6UB35_C906,MTHFD1L_C906,YTQQGFGNLPIC*MAK,0.27926131606775134,0.3655136888015275,0.5021991407560036,0.5590799864239209,0.4265135330123008
O43432_C1411,EIF4G3_C1411,LDFIESDSPC*SSEALSK,0.618508057228927,0.36034317359873946,0.26743751565495844,0.45951391780568773,0.42645066607207816
Q12789_C320,GTF3C1_C320,LQEIHPECGPC*K,0.4394994006408718,0.37261760459642923,0.44692899315000656,0.4432891971113124,0.425583798874655
P53634_C136,CTSC_C136,NWAC*FTGK,0.4923570015647287,0.35330461594744356,0.40594114038624063,0.4382375317594684,0.4224600724144703
O75330_C361,HMMR_C361,LC*SFQEEMVK,0.45761859577778363,0.3889933155095752,,0.4041006607375871,0.41690419067498197
O75351_C240,VPS4B_C240,ENKPSIIFIDEIDSLC*GSR,0.4198350955949362,0.532435951555307,0.36010361370817695,0.3549033574269678,0.416819504571347
Q9BPX3_C843,NCAPG_C843,ICNEILTSPC*SPEIR,-0.43400137488638985,0.4733972392210895,0.48295998505958676,1.139812255465597,0.4155420262149708
Q68D10_C535,SPTY2D1_C535,C*TVVSETISSK,0.5266318828491566,0.1782317280436833,,0.5383800706466806,0.4144145605131735
O95985_C217,TOP3B_C217,YGDLDSSLISFGPC*QTPTLGFCVER,0.29252932681201166,,0.4249538274679433,0.5102297029207513,0.40923761906690204
Q9GZQ3_C64,COMMD5_C64,FVVSSLQGEDC*R,0.2865160247116832,1.2430551186986756,0.11277577927361086,-0.01675107066350026,0.40639896300511724
Q9NQW6_C260,ANLN_C260,QEATFC*SQR,0.39239879284683116,0.4782121790561547,0.36406503767423737,0.3872624424088303,0.4054846129965134
Q9UKL3_C592,CASP8AP2_C592,SSGVC*DSESSMQVK,0.31015343523614347,0.34295305222130623,0.5632352650331801,,0.40544725083020994
Q9UPQ9_C254,TNRC6B_C254,GSQCQSASSGNEC*NLGVWK,0.5163453111003271,0.28185250807888534,,0.41522223981279577,0.40447335299733606
Q16822_C325,PCK2_C325,VEC*VGDDIAWMR,0.40816269202938676,0.29866546890647044,0.5150936704096967,0.3785427914651561,0.40011615570267745
Q03001_C2061,DST_C2061,EKDEC*TATPSSFNK,0.4568237571391238,0.4495534657509361,,0.2933123690369913,0.3998965306423504
Q8TDJ6_C2088,DMXL2_C2088,EIAALHEIC*NHESVIK,0.4774885183998085,0.27048183440512,0.41316705085161337,0.4278643461470445,0.3972504374508965
Q9GZP1_C115,NRSN2_C115,AADYNQALGTC*R,0.040526522190828786,0.8830649806126568,0.10210065733021718,0.5415951930000501,0.3918218382834382
P29353_C169,SHC1_C169,YMGC*VEVLQSMR,0.14937051070547505,1.2756682928884997,-0.09053508140530447,0.23232532967542005,0.39170726296602254
Q9UER7_C106,DAXX_C106,AHSLFLASAEFC*NILSR,0.49592442045605667,0.09137210793138578,,0.5831426942520379,0.39014640754649343
P06756_C97,ITGAV_C97,C*QPIEFDATGNR,0.4351520095922828,-0.4705026017721351,1.1590698434052424,0.42844669161122206,0.3880414857091531
Q93074_C444,MED12_C444,C*Q[0.9840]EATAGFTIGR,0.2138516413919096,1.3637262566347255,0.211016835152354,-0.2373831667507394,0.3878028916070624
Q8ND82_C690,ZNF280C_C690,C*DFLADSSGLDR,0.32924080669084443,0.02867011934069176,0.2251781585038368,0.9677343555793333,0.3877058600286766
Q9NSD9_C498,FARSB_C498,HLC*AVYYNK,0.4587838178273041,0.6480226593758895,0.49009373452465094,-0.06179203028891598,0.38377704535973217
Q9HAS0_C357,C17orf75_C357,NC*GSGDILLK,0.84762877850068,-0.1368495359893002,0.4700681198591349,0.35145932765003307,0.38307667250513694
P08559_C273,PDHA1_C273,FAAAYC*R,0.2948236259553589,-0.053439028569625784,1.1955815718837122,0.09213497640493049,0.3822752864185939
Q53H82_C90,LACTB2_C90,DHSGGIGDIC*K,0.565057556076098,0.1542124098875664,0.48379474718772825,0.32491282546273476,0.3819943846535318
Q14141_C269,SEPTIN6_C269,QYPWGTVQVENEAHC*DFVK,0.48125671302892076,0.4120220309370771,,0.24920172219332423,0.38082682205310736
Q05084_C85,ICA1_C85,IC*FLSQEENELGK,-0.1846024356142718,0.5265460419108918,0.5827331451791703,0.5976702335034547,0.38058674624481126
Q9BYX2_C528,TBC1D2_C528,LQEALGDEASEC*SELLR,0.32588569230508907,0.2640758720667655,0.5542573188573263,0.37165209912090713,0.378967745587522
Q9NUQ3_C480,TXLNG_C480,DLATPVMQPC*TALDSHK,0.07114913068028805,0.32953036931833424,0.4729660897843867,0.6420075950439844,0.3789132962067483
Q9NXN4_C348,GDAP2_C348,ALYQTGVDNC*GR,0.3856134819689643,-0.11931423935734399,0.5730518259397384,0.65578727755977,0.3737845865277821
Q8IWU2_C271,LMTK2_C271,NC*FLTSDLNVK,0.29262059599352996,0.4703546515819469,0.357807556591711,0.37079168583590405,0.37289362250077296
Q14C86_C1253,GAPVD1_C1253,YFTTVC*VR,0.5888024593117364,0.4057805653431204,0.36645255661454024,0.11514718465475365,0.36904569148103766
Q02252_C317,ALDH6A1_C317,C*MALSTAVLVGEAK,0.05318855129319158,0.23888452676809796,0.539477736596866,0.6317124995216281,0.36581582854494593
Q9BRA2_C43,TXNDC17_C43,SWC*PDCVQ[0.9840]AEPVVR,0.26822158258375334,0.21639507500225058,0.43696501187380915,0.5292686141993911,0.362712570914801
Q8IWV7_C350,UBR1_C350,EEPDSENPC*LISR,0.5031190621137244,0.06040997156379669,0.485606758940005,0.4012632586384895,0.36259976281400386
Q96KG9_C451,SCYL1_C451,CNTTVC*LGK,0.33189977978066615,0.8297206062794559,0.1038816579643959,0.18443832968389073,0.36248509342710217
Q6FIF0_C30,ZFAND6_C30,TNGMC*SVCYK,0.718284314517138,0.36998838312739063,0.01210429761660586,0.3484645050056159,0.36221037506668763
Q9H3L0_C261,MMADHC_C261,HLGFSVDDLGC*CK,0.4402188068534956,0.6871262880817101,-0.10140525479934798,0.417269353727244,0.36080229846577544
P23368_C441,ME2_C441,C*LFASGSPFGPVK,0.5771174896383826,0.20471680095444636,-0.0314297894526486,0.6877635223698401,0.35954200587750507
Q9Y4E8_C264,USP15_C264,NSNYC*LPSYTAYK,0.49928302726114276,0.3495904854712747,0.38213598017091893,0.20551735177837838,0.35913171117042864
Q96HW7_C44,INTS4_C44,SAALHIDLC*K,0.3817799016431796,0.705767996413866,0.18333143437545985,0.14776032622952082,0.35465991466550656
P54136_C293,RARS1_C293,AYQC*VVLLQGK,0.5330504481555064,0.4729285251018276,0.041971571448888315,0.37050370309237335,0.354613561949649
O00622_C314,CCN1_C314,YC*GSCVDGR,-0.026283893095245217,0.43631034638003424,0.43714362094009457,0.5536633907045457,0.3502083662323573
Q8WUY1_C85,THEM6_C85,C*GVLGALR,0.36180726846353917,0.1713177705960767,0.516084607079658,,0.34973654871309123
O94819_C537,KBTBD11_C537,QWSPC*VAPLR,0.24509424397517332,-0.7778745869652637,-0.2532237714411909,2.1783356894142236,0.3480828937457356
Q14315_C535,FLNC_C535,EAGDGVFEC*EYYPVVPGK,0.5236672355079343,0.16576865829632045,0.16303290911421303,0.5145297465568393,0.34174963736882674
Q96B01_C254,RAD51AP1_C254,C*NALVTSVDSAPAAVK,0.3704300021962711,0.4281025022113948,0.2569064807515434,0.3091444956833073,0.34114587021062914
Q7Z3U7_C363,MON2_C363,FC*VQPQLLR,0.07275004390940072,0.22021387003938273,0.4454829654149209,0.6243671064620261,0.3407034964564326
Q13769_C608,THOC5_C608,AMEGEVNVC*YK,0.3715032155966344,0.8211571116635298,0.011265734937792905,0.15765763931351665,0.34039592537786845
O15063_C91,GARRE1_C91,YLDALNVFC*R,0.37707228385162866,,0.48817676242299485,0.15039870422920548,0.33854925016794296
Q12986_C295,NFX1_C295,STC*DSENLAVINK,0.4731935519429891,-0.35398257603878025,0.7631375838905822,0.4678944364646447,0.3375607490648589
Q9UBU7_C434,DBF4_C434,C*SMLSTAEDDIR,0.03757979622009651,0.1353750292961074,0.6013401946955896,0.5743414078391232,0.3371591070127292
O75976_C720,CPD_C720,ENSQMFQGRPC*K,0.14344907864827688,0.14849271906105715,0.5943849768040905,0.4593389326460251,0.3364164267898624
Q9BUF5_C124,TUBB6_C124,EC*EHCDCLQ[0.9840]GFQLTHSLGGGTGSGMGTLLISK,-0.1773219120824135,1.1405433487285503,0.009442684641205632,0.3727647827008031,0.3363572259970364
P04049_C165,RAF1_C165,C*QTCGYK,0.510432670820033,0.6916222386461834,0.1976174607335636,-0.05750768758458168,0.33554117065379957
Q9Y2L1_C357,DIS3_C357,NWRPYC*GMLSK,0.41900783994585405,0.37392345820090966,0.026135035936248305,0.513460032954829,0.3331315917594603
Q9H3C7_C243,GGNBP2_C243,GYC*AALYEGLR,-0.12453466483177346,-0.4208583415049396,0.26614213638787054,1.6087653497798164,0.3323786199577435
P46100_C1888,ATRX_C1888,IWTHPWC*LQLDYISK,0.5193341465750166,1.3367372689239554,-0.7241353807100428,0.18391352705845077,0.32896239046184494
P09936_C220,UCHL1_C220,FSAVALC*K,0.1282865493809685,0.08635217477281339,0.30139641433900954,0.793606385004167,0.3274103808742396
Q9UBB9_C445,TFIP11_C445,EWDPLKDC*TYGTEIISK,0.2788297041196573,,0.20680109482272183,0.49400541604245424,0.32654540499494444
Q8TD19_C626,NEK9_C626,C*GQLGVGNYK,0.5758832324339717,-0.08594157563197237,0.09185146947441436,0.7156979054374517,0.3243727579284663
P52788_C337,SMS_C337,LYC*PVEFSK,-0.2682435567500657,0.30146982007084544,0.8325433520462506,0.4213149476146159,0.3217711407454115
Q92610_C284,ZNF592_C284,LSSC*VAALVALQAK,-0.01950216311037234,0.12059303502711816,0.5622482063753502,0.6127348122220995,0.3190184726285489
Q53GL7_C50,PARP10_C50,LGC*GGVLTFR,0.2716996744327332,0.28173905141102573,0.4548561363282857,0.2519271684825164,0.31505550766364027
Q8WW01_C13,TSEN15_C13,GDSEPTPGC*SGLGPGGVR,0.05444669663251328,1.0070311155844638,-0.065297907563454,0.25693481228718373,0.3132786792351767
P16144_C828,ITGB4_C828,LC*TENLLKPDTR,0.5511889336919493,0.294921642180297,0.3884292378283118,0.011460396238712811,0.31150005248481766
P35754_C23,GLRX_C23,VVVFIKPTC*PYCR,0.5057430637756904,-0.04238041729702621,0.5717098651870663,0.19141220249988303,0.30662117854140336
Q8TEH3_C338,DENND1A_C338,IEPEEPITFC*EEAFVSHYR,0.677607391190721,0.3979440603637537,-0.08802301686691394,0.23240775178665155,0.30498404661855305
O15327_C212,INPP4B_C212,CALVCEC*TAPESVSGK,-0.10107530342398721,0.0816274398294176,0.5279061214456484,0.7018019182835935,0.3025650440336681
Q7Z7A3_C299,CTU1_C299,ALC*QACALLDGLNR,0.13697734851490093,0.547078210268266,,0.2065234523206189,0.2968596703679286
Q8IV38_C345,ANKMY2_C345,MVIYCDQTC*QK,0.07467296289081686,0.38906962009374496,,0.42285717293187614,0.29553325197214597
Q14554_C185,PDIA5_C185,EEKPLLIMFYAPWCSMC*K,0.023752492383155115,0.30188786744025764,0.5606163321707076,,0.29541889733137344
Q6L8Q7_C180,PDE12_C180,YIMAGFPVC*PK,0.5737790330286342,0.398314832394557,-0.08844288397282905,,0.2945503271501207
Q9HCK8_C2378,CHD8_C2378,AELNC*LGMEPVQTANSR,0.10617552578499082,0.3150509979811338,0.0816870841942006,0.6533341702259137,0.2890619445465597
Q9UM54_C790,MYO6_C790,VNHWLTC*SR,0.324174914377159,0.11133708424547914,0.2710216874308957,0.44639173954287026,0.288231356399101
Q9UPN6_C1170,SCAF8_C1170,DRDDRDFDFC*R,0.22113084396445343,0.5593957634591982,0.22690839138096552,0.14159297319503628,0.28725699299991336
P07237_C397,P4HB_C397,NVFVEFYAPWC*GHCK,0.1338767328195498,0.3069086061395495,0.3416240104947168,0.35802307627147395,0.2851081064313225
O14578_C1272,CIT_C1272,C*AELEEALQK,0.6251019153443302,0.33470606142246145,0.20749921229715798,-0.04649178428417078,0.28020385119494473
Q9BTX1_C369,NDC1_C369,EC*LNLLNGMTQK,0.25756681944320675,0.13825086056025992,0.4383875544300268,0.28411049859101817,0.27957893325612787
Q9NRY5_C438,FAM114A2_C438,EFTTC*LTTAGVK,0.06876630768704033,0.05385165818716246,0.36406450317115535,0.6299707627308078,0.27916330794404143
Q7Z4W1_C138,DCXR_C138,GVPGAIVNVSSQC*SQR,0.09791349291044847,-0.36422897008475,1.0693960073224607,0.31321464680718175,0.2790737942388352
Q9NTI5_C943,PDS5B_C943,LPLEYMAIC*ALCAK,-0.05529464027476003,0.5502399094852416,0.3511408260651601,0.2689645458688289,0.2787626602861176
O75663_C75,TIPRL_C75,C*VNNYQGMLK,0.30423669573920686,0.5516792811644465,0.4539379901817251,-0.1957579784816583,0.27852399715093
Q14BN4_C286,SLMAP_C286,SLSNTEDEC*THLK,0.30491317728450124,0.2591024593707087,0.27065377677997504,,0.2782231378117283
Q7Z6B7_C603,SRGAP1_C603,FNDLISC*IR,0.26751309832332576,0.5204943550407836,,0.04619645526763286,0.278067969543914
Q6PJ69_C112,TRIM65_C112,C*VCSVCTVR,0.31355567242777793,-0.21419744921380224,0.8607801007083933,0.1504399220996758,0.27764456150551114
O15091_C568,PRORP_C568,C*SCEVPTK,0.450724084837607,0.32318783360071174,,0.05756807084219347,0.27715999642683736
Q9BZL1_C18,UBL5_C18,C*NTDDTIGDLKK,0.06612598914193235,0.050420960283064725,0.3177796934118774,0.6626438220001547,0.2742426162092573
Q5T4S7_C3700,UBR4_C3700,SINYDEKDPFLC*NACGFCK,0.06819801418508666,0.1448348089845195,0.4496328042844214,0.42903927692119653,0.272926226093806
Q15058_C471,KIF14_C471,FC*EDLFSQVAR,-0.49677087993322533,0.4297476833320096,0.4718878952302537,0.6762686368973705,0.2702833338816021
Q12841_C31,FSTL1_C31,IC*ANVFCGAGR,-0.04501797618017348,0.8168572947515405,0.04861475196053447,0.2575027989600898,0.2694892173729978
P07858_C93,CTSB_C93,EQWPQC*PTIK,0.15856993575036232,0.23096519745366495,0.3747794861982235,0.31143915368870584,0.26893844327273914
A2RRP1_C269,NBAS_C269,ASSC*GLSAWR,1.0155668224991798,-0.5274357029354312,0.028968002386406448,0.5569321177114652,0.26850780991540507
Q5VVJ2_C445,MYSM1_C445,NCGDVNC*IGR,0.5246295881385812,0.3155719438076089,0.019907963359767855,0.2111312377135772,0.26781018325488376
A2RRP1_C406,NBAS_C406,C*SGALTVSSVK,0.14203411776871488,-0.04826218364451141,0.5841913537655097,0.3765626170516202,0.26363147623533334
Q6PL18_C649,ATAD2_C649,SICAEAALC*ALR,-0.12718320534188005,0.16111111874609868,0.7184983852252546,0.2919780786349988,0.261101094316118
Q5T4S7_C3414,UBR4_C3414,C*FLLESNSSSVR,0.14694089073095415,0.313087572004903,0.23779318064779575,0.32806635593190014,0.25647199982888824
Q9UJF2_C443,RASAL2_C443,IINSYC*VFPR,0.07837699962060152,0.1838139888109258,0.2652289410633502,0.4743223520270104,0.250435570380472
Q02543_C64,RPL18A_C64,SSGEIVYC*GQVFEK,0.16194310228091693,0.6434534637521748,0.042335353261871475,0.15400334068302954,0.2504338149944982
Q15833_C353,STXBP2_C353,YSTHLHLADDC*MK,-0.058379223813490366,0.33575420326832095,0.5013898584162237,0.21965158933683893,0.2496041068019733
Q9H3M7_C120,TXNIP_C120,YGC*VDYWVK,0.016560590158007784,,0.49815677016358406,0.2300059186357481,0.24824109298577998
P22307_C102,SCP2_C102,AIYHSLGMTGIPIIN[0.9840]VNNNC*ATGSTALFMAR,,0.44277281570520227,0.39008074555157557,-0.08994170792806283,0.24763728444290495
Q13136_C1023,PPFIA1_C1023,NSFQCGIMC*LR,0.2558427417873839,-0.2285148627370749,0.44761915272012004,0.5154398597948864,0.24759672289132886
Q12797_C384,ASPH_C384,AQC*EDDLAEK,0.20816632429511217,0.26902962972687,0.2887966701418332,0.22038334675437043,0.24659399272954644
Q9Y4D8_C1084,HECTD4_C1084,SISGTPAETPAC*K,0.15451173740536248,0.12284220991351259,0.1940743409789282,0.5113487499283961,0.24569425955654983
Q92625_C633,ANKS1A_C633,SDSDLLTC*SPTEDATMGSR,-0.13105888176268207,0.3225250951120784,0.2584799170091777,0.49917047761233624,0.23727915199272753
Q9H936_C271,SLC25A22_C271,GVNEDTYSGILDC*AR,-0.015418943358114667,0.7344265121183452,0.3090000433463148,-0.08795670943176825,0.23501272566869427
Q56VL3_C134,OCIAD2_C134,HCLLTC*EECK,0.04938588905970388,0.26727195431744355,0.3283026811238634,0.2881216016907309,0.23327053154793542
O00622_C272,CCN1_C272,ICEVRPC*GQPVYSSLK,0.19110847634815756,0.48804360092934834,0.03569803654356225,0.21086512633666687,0.23142881003943375
O96028_C1198,NSD2_C1198,CGASNC*SGFLGDRPK,0.1636178929119923,0.7030219082704596,-0.008021948317978764,0.06504397882128377,0.23091545792143922
Q92973_C142,TNPO1_C142,LC*SLLDSEDYNTCEGAFGALQK,0.02366959458730806,-0.005542799960048107,0.32404976304418254,0.57741649565641,0.22989826333196312
O43148_C356,RNMT_C356,KGDYPLFGC*K,0.2565155168210868,0.18196932255948753,0.2412538020998196,,0.2265795471601313
Q96EK6_C128,GNPNAT1_C128,VEDVVVSDEC*R,-0.6186532389225692,1.0205344247939732,0.2774752766560463,0.22682844674318536,0.22654622731765892
Q13309_C205,SKP2_C205,VQHMDLSNSVIEVSTLHGILSQC*SK,-0.21574328191540618,0.6604132503181525,0.2539422438934277,0.19924593332487456,0.22446453640526215
Q9NXE4_C221,SMPD4_C221,TSDC*AYFILVDR,-0.09856820081807582,1.1707867974763377,0.041390728803588406,-0.22346721556624038,0.22253552747390246
Q9Y383_C43,LUC7L2_C43,SHLLNC*CPHDVLSGTR,0.32005171395914767,,0.5757076150122287,-0.23760255045905443,0.21938559283744063
Q9H9B4_C106,SFXN1_C106,MSAQVPMNMTITGC*MMTFYR,0.10817921388962855,-0.024068876081446516,0.3656408269539392,0.37497816278065255,0.20618233188569343
Q15021_C767,NCAPD2_C767,VACC*PLER,0.11341009328605806,0.28299789228264627,0.18672966265873342,0.2394961223930954,0.20565844265513325
Q96A65_C489,EXOC4_C489,FVC*KPGAR,0.4743609983766859,0.14076597034909505,0.04031079389132555,0.16506569328140883,0.20512586397462884
P63000_C157,RAC1_C157,YLEC*SALTQR,0.07043970973872214,0.04540067171995987,-0.12619207234395,0.8215000607688836,0.2027870924709039
Q92889_C143,ERCC4_C143,IIESC*QEAFILR,0.5983892290779584,0.25733719572315583,-0.25450764411623206,0.20838693944281644,0.20240143003192468
P48059_C300,LIMS1_C300,FVEFDMKPVC*K,0.6401543910224405,0.43263426020198115,0.10230310415313382,-0.36566962586791496,0.20235553237741008
Q96K21_C80,ZFYVE19_C80,C*YGCAVK,0.40222295363756977,0.12540716392577123,0.17575404634111957,0.07997136497969211,0.19583888222103815
Q99496_C72,RNF2_C72,FC*ADCIITALR,0.31957786168598534,-0.3868889498073634,0.45052097204799774,0.397757398467893,0.19524182059862816
Q9P2K8_C285,EIF2AK4_C285,C*IGSDEQLGK,0.018443689675041917,0.5516237825525183,0.4569797529214927,-0.25916157189680544,0.1919714133130619
Q7Z6Z7_C29,HUWE1_C29,VC*NDEQLLLELQQIK,0.016579292210624538,0.22066822354685453,0.28365077847967896,0.2351544126720118,0.18901317672729245
P11717_C538,IGF2R_C538,GCPEDAAVC*AVDK,0.38307827988294624,,0.34660462590725566,-0.1629794381477402,0.18890115588082057
Q9UPN9_C299,TRIM33_C299,DC*QLLEHK,0.5187221815509423,,0.026716921274031802,0.013834980590935478,0.18642469447196985
A7E2V4_C125,ZSWIM8_C125,LYSC*LANGSADEFQR,-0.12556612332292116,-0.3458890109673347,0.2597725672168603,0.9481765814418208,0.18412350359210633
Q9H6R7_C125,WDCP_C125,C*AILTVLTAQDVSIFPNVHSDDSQVK,0.6193983406411264,-0.07012759404010882,0.1300781242006591,0.054659956792607475,0.18350220689857105
Q8N1G4_C224,LRRC47_C224,TLDLSNNQLSEIPAELADC*PK,0.38395143200069126,0.397402543742371,-0.2909476435632592,0.2368374110592017,0.18181093580975122
P51398_C98,DAP3_C98,TFSEAC*LMVR,,0.06531685866954497,0.09012114436512028,0.38042195831033154,0.17861998711499893
O95149_C199,SNUPN_C199,GHPFYDC*QTDFR,0.10463858175972779,0.11143403954135452,0.2610138292153386,0.23059440275489076,0.1769202133178279
Q9H792_C1305,PEAK1_C1305,C*EDLFMAGQK,0.13391795521927727,0.029522807836102845,0.3635012941495794,0.14909353429829594,0.16900889787581386
P07237_C53,P4HB_C53,YLLVEFYAPWC*GHCK,0.16480214648563718,-0.01856450195192894,0.30675789411330723,0.21674600618709197,0.16743538620852685
Q9NWR8_C324,MCUB_C324,HSLC*LQMQVEELNEKN,0.24849686279612815,-0.44809135504059755,0.48180201789764643,0.38748254712664504,0.16742251819495552
P78364_C831,PHC1_C831,YNVSC*SHQFR,0.19417667138359107,0.11832148009337773,0.2675953760005779,0.05496350974567343,0.15876425930580504
Q53H12_C72,AGK_C72,ATVFLNPAAC*K,-0.4150175494292795,-0.07630066339680193,0.7140418234146121,0.40153527176294035,0.15606472058786774
Q99567_C608,NUP88_C608,QLEDLSYC*R,-0.14584802692290733,0.11729924124290313,0.06661857399670297,0.5559070853902528,0.14849421842673788
Q68CP9_C82,ARID2_C82,SC*SNAAFALK,-0.6474414056473482,0.9625669522512131,0.271902524120654,-0.004017600173004501,0.14575261763787864
Q9Y6D9_C662,MAD1L1_C662,LTSLYAEHPGDC*LIFK,0.25005143758740933,0.12681158421525046,0.18106108925559075,0.02014321507373596,0.14451683153299663
O75165_C1480,DNAJC13_C1480,C*YSVAAQFEECR,0.14737574486245425,,0.3170378477837169,-0.05743019281169839,0.13566113327815757
Q9H1B7_C38,IRF2BPL_C38,GC*VNYEGADR,-0.15405577100306495,0.3396484676067258,0.3708837217776839,-0.018809200664531865,0.1344168044292032
Q8NFC6_C2438,BOD1L1_C2438,EC*PEIGPFAGR,0.16389716106286817,0.40948831145167763,,-0.19039994616690195,0.12766184211588125
Q5VWJ9_C103,SNX30_C103,HVC*TMETYITYR,0.035175364469117676,0.19242471069860795,-0.2484730073630549,0.5042876884326962,0.12085368905934174
Q9HCI7_C476,MSL2_C476,ATQNPSVLTC*R,-0.02812312051411059,0.32524643018714633,0.7215226049092291,-0.5513499158658796,0.11682399967909632
Q6NSJ5_C629,LRRC8E_C629,SIEEILSFQHC*R,-0.038543328332555644,,0.48549927918485797,-0.09649386212028299,0.11682069624400646
Q7Z2W4_C219,ZC3HAV1_C219,EHGLNPDVVQNIQDIC*NSK,-0.018350239548608965,0.24044576540955373,-0.0007261214703926285,0.23966888422779103,0.1152595721545858
Q8IWE5_C735,PLEKHM2_C735,C*EASAVTVR,0.11291573715268767,0.08407294826373257,-0.05874207998132611,0.32261393623857143,0.11521513541841638
O75362_C341,ZNF217_C341,GSC*AGLSQEK,0.24554574306650978,0.0605978145033089,0.16265593086360425,-0.016536381532167074,0.11306577672531395
Q9H9Y4_C26,GPN2_C26,TTYC*LGMSEFLR,-0.4689412856872237,0.405516882345087,0.3881239989434046,0.12179181030590601,0.11162285147679347
Q5SQN1_C246,SNAP47_C246,EDVSMTSC*EPFGK,0.2988103178483929,0.2693460153364258,0.03849472222400249,-0.16781546820158902,0.10970889680180806
O15247_C30,CLIC2_C30,AGSDGESIGNC*PFCQR,0.11235343769493367,0.0989022485339768,0.058169308922763695,0.15379847221578763,0.10580586684186545
P28702_C475,RXRB_C475,VYASLETYC*K,0.11191617198099386,,-0.17401709645325647,0.36559317385257106,0.10116408312676949
Q5T4S7_C1900,UBR4_C1900,VAMC*VLSSPHGR,-0.04213560612335253,0.22864286306446857,-0.045872444832414566,0.26216932536052945,0.10070103436730773
Q9ULM3_C420,YEATS2_C420,VTFC*SHGNSAFQPIASSCK,0.16080500381748478,0.1914963355579575,-0.019659827569611776,0.06742057386893434,0.10001552141869122
O75155_C267,CAND2_C267,LVPLVEDFC*NLDDDELR,-0.02442313081289641,0.5217214355591573,-0.3628147454507972,0.2500602590411849,0.09613595458416212
O15231_C632,ZNF185_C632,TTGGICTYC*NR,0.193751684253405,0.5308781496361641,-0.07129287655611398,-0.27516227363237045,0.09454367092527116
Q9NR45_C283,NANS_C283,QLLPC*EMACNEK,0.26140271529992787,0.12647856779044167,-0.04357571680048645,0.03375081836251002,0.09451409616309826
Q9NW08_C687,POLR3B_C687,NTYQC*AMGK,-0.08128149693924536,,-0.18954986290284903,0.5539600339076362,0.09437622468851392
Q9BTT0_C123,ANP32E_C123,SLDLFNC*EITNLEDYR,0.3236375523667539,0.3206346184386869,-0.36603618909792485,,0.09274532723583867
Q96BP3_C520,PPWD1_C520,TVENFC*VHSR,0.19329900123876403,0.2370018817946264,0.032466177201777864,-0.0928951528493323,0.09246797684645898
Q7Z624_C25,CAMKMT_C25,AAGGSPAVGC*TTR,0.46004587242187617,-0.10847167922395327,-0.19413738130919056,0.2099905208262587,0.09185683317874775
Q9Y5S2_C1042,CDC42BPB_C1042,SFSSPTQCSHC*TSLMVGLIR,-0.3598644195777383,-0.4638199093702093,-0.12796132319034137,1.3123500957410086,0.0901761109006799
Q9ULT8_C316,HECTD1_C316,C*VLDTMR,0.037723556080519874,0.5546839293361159,-0.17125762235637193,-0.06073224030208878,0.09010440568954377
O15014_C345,ZNF609_C345,TYVGTLLDC*TR,-0.35824347068573964,,0.06757714577251232,0.559822957477186,0.08971887752131957
Q96G46_C315,DUS3L_C315,LYLAPLTTC*GNLPFR,,0.23343550986809034,-0.014872406766418109,0.04142404035543812,0.08666238115237011
P38606_C138,ATP6V1A_C138,WDFTPC*K,0.1245858145796001,-0.21747532745799153,0.26290045379411775,0.1737054966338556,0.08592910938739547
P53621_C1085,COPA_C1085,IC*EMAAYFTHSNLQPVHMILVLR,0.1438068287125464,-0.050000038513405294,0.6966946356538857,-0.4507345923500327,0.08494170837574853
Q9UBW7_C795,ZMYM2_C795,HFCDQHC*LLR,-0.09986158062956331,-0.5152523201642686,0.5924443764378967,0.36023411714932574,0.08439114819834764
Q6PCD5_C586,RFWD3_C586,C*PLVSLSYMPR,0.11662571009900025,,0.2577292316982205,-0.12410219500930945,0.0834175822626371
P78527_C1176,PRKDC_C1176,WLLAHC*GRPQTECR,0.30791221740373476,0.30244726798809574,-0.5713938307068809,0.2938283990986257,0.08319851344589382
Q9NZ56_C1325,FMN2_C1325,IEEPSIDC*HEFEELFSK,-0.08898963480034157,-0.19611632261288064,0.2965656237237625,0.3153002295499578,0.08168997396512452
Q00613_C103,HSF1_C103,DDTEFQHPC*FLR,0.13547320080331082,-0.05616428870458944,0.06786283749684473,0.16597623122903093,0.07828699520614926
Q8TCG1_C379,CIP2A_C379,EIFEDVIDAANC*SSADR,0.48554141220307856,0.12527251234437578,,-0.38127083244329585,0.07651436403471948
Q86TG7_C119,PEG10_C119,VC*FVTSMMTGR,-0.9224377583434782,-0.3833640011133903,0.44738617636912653,1.09310646208709,0.05867271974983704
Q15048_C68,LRRC14_C68,ELVHTWPFPLLSFQQLLQEC*AHCSR,0.26315799873807977,-0.6958738997505267,0.20091057509818186,0.45885376629859903,0.05676211009608349
Q8TCG1_C445,CIP2A_C445,C*TTLIEQQFTYGK,0.024823475698299045,0.14684520522950562,-0.02186842960341592,0.07403804737777907,0.055959574675541954
Q8IVF2_C5271,AHNAK2_C5271,C*DLDSTGLK,,0.4154677786958208,-0.14632132669095518,-0.10243608939731381,0.05557012086918395
O60293_C1864,ZFC3H1_C1864,FC*SVMPANSGLALR,-0.3393193123286712,0.16308162020485062,,0.3233573192661145,0.04903987571409797
Q5VIR6_C424,VPS53_C424,C*FEPHLYVYIESQDK,0.04135669154286158,-0.28299585972211905,-0.13673107272418172,0.570917092930257,0.04813671300670448
Q13129_C1055,RLF_C1055,RPC*TEDTMLELLLR,0.5663651017369002,-0.8193251855280462,0.39568657323888873,,0.047575496482580915
P47712_C726,PLA2G4A_C726,C*SVSLSNVEAR,0.037645646046098234,0.17197586934260736,,-0.06934314128482831,0.046759458034625764
Q7Z7K6_C219,CENPV_C219,C*GVQSFYTPR,,0.06997267661431793,0.16433844498496003,-0.09713059178382083,0.04572684327181904
Q7Z2W4_C521,ZC3HAV1_C521,GC*PLN[0.9840]GSCSK,0.10134303413759907,0.38111437383703584,-0.12184931698049495,-0.20750692286280464,0.03827529203283382
Q6IQ49_C298,SDE2_C298,HILEDSC*AELGESK,-0.06006961295945634,0.162959862193087,0.2939006085455009,-0.24402776873340215,0.03819077226143233
P26196_C390,DDX6_C390,NLVC*TDLFTR,-0.13650013041527315,0.3895911674513265,,-0.1444384680960833,0.03621752297999001
Q9UNE7_C232,STUB1_C232,DIPDYLC*GK,-0.547274254957498,0.15822644733121588,,0.49295446547854505,0.03463555261742096
Q96N21_C493,TEPSIN_C493,LVGAGAAAGESC*PDAPR,-0.23649492268194083,0.16466682610773156,-0.3350350030310949,0.5243936935455498,0.029382648485061405
Q9BQ39_C488,DDX50_C488,TGIC*ICFYQPR,0.10298470687082244,0.05329879738077753,0.4398170638895988,-0.4859862193244868,0.027528587204177973
Q9NR09_C3108,BIRC6_C3108,AFHDMGGVQLIC*NNMVTSTR,-0.39969175828544706,0.07951766170298212,0.14847449988390785,0.26365051625977914,0.022987729890305515
Q9NR30_C537,DDX21_C537,TGVC*ICFYQHK,0.3398186952396166,0.24608404905985132,0.009011978208004479,-0.5074246656252097,0.021872514220565686
P62879_C204,GNB2_C204,TFVSGAC*DASIK,-0.44514508329024655,-0.43801267863167526,0.5160179205334147,0.452763104701624,0.021405815828279245
Q2M1P5_C415,KIF7_C415,AC*TDAAYSLLR,-0.06069618596661288,-0.3254434861675002,0.2563025725313255,0.21376563121928205,0.020982132904123624
Q7Z333_C555,SETX_C555,EGYQLGQQSLC*K,-0.4591985472284818,0.23965446392164733,0.23563081645098588,,0.005362244381383802
P11717_C823,IGF2R_C823,YYINVCRPLNPVPGC*NR,-0.181631296398084,0.006570403294222347,0.1800777512509739,,0.001672286049037408
Q86SQ0_C457,PHLDB2_C457,LETILSLC*AEYTKPDSR,-0.2983622984399554,-0.181191900334997,0.33626368975663845,0.14917588838175985,0.001471344840861484
O43353_C286,RIPK2_C286,C*LIELEPVLR,0.23562395127639735,0.18518244404840445,0.03140640775069012,-0.4509520344990909,0.00031519214410023755
Q96HR3_C34,MED30_C34,EVNTASLC*R,-0.5105216979634651,-0.4584693204983205,0.6183945766123794,0.34861781100716055,-0.0004946577105614108
Q04721_C1049,NOTCH2_C1049,C*SCPLGYTGK,0.08741687056701895,0.02938176725958741,-0.11016724830510603,-0.013392863788768875,-0.001690368566817136
Q9Y277_C2,VDAC3_C2,C*NTPTYCDLGK,-0.14288216522831465,-0.18900305702185724,0.360686902024803,-0.0483280723739803,-0.0048815981498373014
O60264_C891,SMARCA5_C891,C*NELQDIEK,0.04064474099442221,-0.30896247866177234,0.4028132680543189,-0.1567499141528367,-0.005563595941466992
Q8N2H3_C134,PYROXD2_C134,C*LLLGTDMAENQK,-0.1696985395639079,0.35359645587074884,-0.0631002555581904,-0.144350172838348,-0.005888128022424371
Q6IQ55_C1015,TTBK2_C1015,LATVPAPFC*EEEVLTPFSR,0.25990169674366553,0.2803906107394328,,-0.5597621800010587,-0.006489957505986799
Q8N5C6_C120,SRBD1_C120,C*AAQPHTVR,0.14058355885377172,-0.19031116786728614,0.13069765192625965,-0.12918148966665932,-0.012052861688478522
Q9ULU4_C106,ZMYND8_C106,EGQVLCCELC*PR,0.03580977325102998,0.07473158905250321,-0.1525713595898397,-0.0070461959426348485,-0.012269048307235339
P14923_C457,JUP_C457,AGDKDDITEPAVC*ALR,-0.12936541603795815,0.3128261188163493,-0.5456224780267454,0.30608509540215867,-0.014019169961548866
Q6IPR3_C191,TYW3_C191,FYNC*LQHALER,-0.9083957772634733,0.32911828449921776,0.2610746803028719,0.23967048647513195,-0.019633081496562912
Q96KR1_C340,ZFR_C340,ISC*AGPQTYK,0.3970120765849364,-0.14323758352596402,-0.22040777439831757,-0.12202703827495295,-0.02216507990357454
Q5T4S7_C1694,UBR4_C1694,MVDGVGVCTVC*AK,0.44261603535007327,0.38516002633021457,,-0.895704232639737,-0.022642723653149732
P30519_C282,HMOX2_C282,GALEGSSC*PFR,-0.016831717825762996,-0.14040277571840773,0.029247454156532057,0.030957874038505542,-0.02425729133728328
P22830_C395,FECH_C395,ALADLVHSHIQSNELC*SK,-0.007243575225684381,0.012243626760069794,-0.12554313980850268,0.017734269093140704,-0.025702204795244137
P33316_C166,DUT_C166,TDIQIALPSGC*YGR,,-0.07307201109292465,0.01126121426453308,-0.023487006268440982,-0.028432601032277516
Q13443_C563,ADAM9_C563,C*ATGNALCGK,0.49017711920823714,0.03669514001940014,-0.4178103441469958,-0.2253133629145199,-0.02906286195846961
P40692_C77,MLH1_C77,KEDLDIVC*ER,0.8609609722131851,-0.12246403490577605,-0.39899981464169954,-0.4612126304648467,-0.030428876949784273
Q7Z3T8_C797,ZFYVE16_C797,VC*VVCYETISK,-0.5487831017001427,,0.23629278716095203,0.22031307833737215,-0.030725745400606158
O95985_C691,TOP3B_C691,SYPLCPYC*YNHPPFR,-0.007476593583135517,0.18788076013518287,-0.009460415240394272,-0.3257320732601206,-0.03869708048711688
Q8NFC6_C1742,BOD1L1_C1742,SDNFVIC*SVTGAGPR,-0.12791264916396214,,-0.1516868138030108,0.1539759327818811,-0.04187451006169726
A2RUB1_C664,MEIOC_C664,TQVSC*FSNNYMMGDLR,,-0.6957545294149361,0.45197648512280897,0.1088257588573373,-0.04498409514492993
Q9BZL4_C211,PPP1R12C_C211,C*WLNGGAMPEAR,-0.19891570944325496,0.3652253777795163,0.18051183800020376,-0.5318735511890207,-0.0462630112131389
Q04721_C1252,NOTCH2_C1252,C*LPGFAGER,,-0.18040266924907378,0.2461024020047468,-0.20755601135060167,-0.04728542619830955
Q7Z333_C688,SETX_C688,LEDHLLAGSC*LK,0.14197054085212146,-0.09880913800075775,0.0040182040505507555,-0.24989609372384902,-0.05067912170548364
O95757_C740,HSPA4L_C740,C*ISDAMSWLNSK,-0.06246085580719416,-0.1551748226604342,,0.06501076943743578,-0.05087496967673085
P38606_C277,ATP6V1A_C277,YSNSDVIIYVGC*GER,0.17268014252937336,0.21133477214586455,0.07612515235895123,-0.6825786682739486,-0.05560965030993989
Q9Y4B6_C1113,DCAF1_C1113,FLMLGTC*TGQLK,-0.13725605334214655,0.033649339207421844,0.028378751466471997,-0.1525773813666454,-0.056951336008724526
Q9BSJ2_C463,TUBGCP2_C463,EC*GHDVTCPVAK,-0.06165157144219956,-0.1964937735444192,-0.0035596131296554475,0.011224354379653018,-0.06262015093415528
Q96F86_C47,EDC3_C47,C*LVPEVTFR,0.23507755390389637,-0.09164229015818198,-0.13439773241930697,-0.2746266685859962,-0.0663972843148972
Q9Y5L0_C60,TNPO3_C60,QDVESC*YFAAQTMK,0.010451103622402164,-0.07676374655697538,-0.028806253202859396,-0.22855415571935256,-0.0809182629641963
P12270_C1127,TPR_C1127,AESQLLEC*K,0.4634335713693381,,-0.2571290326907048,-0.45655393163383495,-0.08341646431840055
Q86XL3_C454,ANKLE2_C454,TPEDVIC*ER,-0.18188294162259788,0.04626141331323603,-0.05113758793399717,-0.1973471706922068,-0.09602657173389145
P26358_C353,DNMT1_C353,C*IQCGQYLDDPDLK,0.12318269881130653,0.028282964915392846,,-0.4533647844837991,-0.10063304025236658
P42704_C208,LRPPRC_C208,LIASYC*NVGDIEGASK,-0.6907847126082691,-0.794144270848042,-0.2542625977063815,1.3311636259353783,-0.10200698880682851
Q9ULV4_C190,CORO1C_C190,NGSLIC*TASK,0.023860252397056504,0.11839442562996268,-0.35066399390007913,-0.20078943705101482,-0.10229968823101868
O75582_C631,RPS6KA5_C631,SLTC*TSAVEIMK,-0.0938879849891425,,-0.20231651000329257,-0.020513136875203754,-0.1055725439558796
Q6ZWJ1_C411,STXBP4_C411,IMVLDC*QLR,-0.012504634067157745,,-0.04123614473383393,-0.26873784334229317,-0.1074928740477616
Q8TF32_C137,ZNF431_C137,C*EHENLQLR,0.02781830876861302,-0.20872950145027247,-0.0008643272530506341,-0.2558482892268372,-0.10940595229038683
O75694_C917,NUP155_C917,ISNQVDLSNVC*AQYR,0.2877822262192249,-0.11245334283878003,-0.4954354431854532,-0.13528004910565147,-0.11384665222766494
Q8N4T4_C10,ARHGEF39_C10,C*PVQEQR,-0.34138622248576617,-0.12201056808414111,0.0913002706783773,-0.0882507153883537,-0.11508680881997091
Q09161_C409,NCBP1_C409,LDTMNTTC*VDR,-0.2264599214511237,0.07587130461282274,-0.21046317111930976,-0.12102260705243387,-0.12051859875251114
Q86XP3_C339,DDX42_C339,ELC*QQIHAECK,-0.7461156495127654,-0.04031665981936035,0.10048036317457407,0.190060582076514,-0.1239728410202594
P00966_C132,ASS1_C132,FELSC*YSLAPQIK,-0.36303297942984,-0.28957377162931897,0.16668096248957692,-0.03720610548789188,-0.13078297351436846
O75962_C2136,TRIO_C2136,AVEVMC*IVPR,-0.883381269500915,0.3212618866798488,0.2571966122892501,-0.22928197461518696,-0.13355118628675078
Q9UPN3_C5742,MACF1_C5742,SEIFGTC*GEEQK,,0.020579524946354028,-0.022202408790803353,-0.42466930768437766,-0.14209739717627567
Q8IY92_C1269,SLX4_C1269,DC*SSQTQISSLR,-0.060592063951799044,-0.5388076034809158,-0.046668344568446485,0.07671351472935421,-0.1423386243179518
O75054_C1180,IGSF3_C1180,EPHLNYSPTC*LEPPVLSIHPGAID,0.13422011236322398,,-0.29736713355661964,-0.2664220010018225,-0.14318967406507271
P05023_C249,ATP1A1_C249,NIAFFSTNC*VEGTAR,-0.061927033073165494,0.4766063657315437,-1.19765886830139,0.18215001878839865,-0.15020737921365326
Q96IF1_C224,AJUBA_C224,LYAQRPAGFGC*QESR,-0.33048142106179046,-0.046158527907605294,-0.2805647840770954,0.043049818851391995,-0.15353872854877476
Q15771_C99,RAB30_C99,C*LPEWLR,0.1144173621644527,,-0.3818666979886317,-0.20317108256135427,-0.15687347279517777
Q8NHQ9_C389,DDX55_C389,C*PLQEMKPQR,-0.027428215466444944,-0.1349437704106968,-0.6422940411732112,0.17688382189065877,-0.15694555128992355
P51649_C272,ALDH5A1_C272,EVGEAIC*TDPLVSK,-0.27456820936492,,-0.22351485834145252,-0.012983604550054016,-0.17035555741880884
Q9HCK8_C906,CHD8_C906,QMIQQYEMYC*K,-0.028155037857313464,-0.3081511805471899,0.02849763261897074,-0.3768283708970024,-0.17115923917063375
Q8TEU7_C1491,RAPGEF6_C1491,GLIVYC*VTSPK,-0.12004335901532928,0.019716952136973095,-0.3635853553044884,-0.2245303731749976,-0.17211053383946054
O60333_C1771,KIF1B_C1771,TPNTFAVC*TK,-0.7001026607729698,0.08624784899922447,0.5064556538152786,-0.5882083232016221,-0.17390187029002221
Q14202_C1059,ZMYM3_C1059,DSMSSQPSC*TGLNYSYGVNAWK,-0.37746485233014343,-0.13579344786631786,-0.18282885691396844,-0.007361289736370965,-0.17586211171170016
P57678_C784,GEMIN4_C784,C*EVPATLFEICK,-0.8379192795323059,0.5717473847838093,0.49273021664571975,-0.9381627714897411,-0.1779011123981295
O75369_C2057,FLNB_C2057,VDIQTEDLEDGTC*K,-0.21062953504588355,0.08919034713078458,-0.3466427615987785,-0.25110486410782906,-0.17979670340542664
Q5SNT2_C167,TMEM201_C167,LCRPC*QAAVEYYIK,-0.47123185817647345,-0.30592761603557483,-0.04352085694836208,0.07566977336640286,-0.18625263944850184
Q14258_C107,TRIM25_C107,ASAPSPNAQVAC*DHCLK,-0.04609398114867362,-0.3327961817126181,-0.13185341481459062,-0.24195260117951856,-0.18817404471385024
O14730_C171,RIOK3_C171,HDEVVC*GR,-0.12809109729789925,-0.32497495144814287,0.00577735270571628,-0.32156233415782637,-0.19221275754953804
Q5VWN6_C749,TASOR2_C749,C*ETEYAFSLDSK,,-0.2199506011422698,-0.12762383360969956,-0.2514800524947863,-0.19968482908225188
Q9NR09_C1336,BIRC6_C1336,LLNTLC*R,0.08087931934974536,-0.08220027461882189,-0.6235518443253654,-0.18634336323087275,-0.20280404070632865
Q96F86_C137,EDC3_C137,SQDVAVSPQQQQC*SK,-0.38591323937800076,-0.49040339202076966,0.08601948286386707,-0.03059525350492598,-0.20522310050995732
Q9Y6J0_C571,CABIN1_C571,NC*PAGMVNGR,-0.3813396037572752,-0.3351011713380969,-0.11995682452168711,0.010280693757055447,-0.2065292264650009
Q13506_C130,NAB1_C130,C*AATTCVQSLGQGK,0.8609527340563901,-0.252292251830799,-0.734369932005914,-0.7159519817057495,-0.21041535787151813
Q9BZQ8_C41,NIBAN1_C41,QYSVAFC*NHVR,-0.44132232251882464,-0.3726985408694246,0.036103107467159015,-0.06517117193840172,-0.21077223196487302
Q15365_C202,PCBP1_C202,VMTIPYQ[0.9840]PMPASSPVIC*AGGQDR,0.17877911300125504,-0.08282726485484856,-0.6739967241920481,-0.27831719904362434,-0.2140905187723165
O15228_C122,GNPAT_C122,FC*AFTLSK,,-0.5611902573719542,0.43330246550373547,-0.5174777122629779,-0.21512183471039883
P30876_C572,POLR2B_C572,IFVNGC*WVGIHK,1.2800542596077715,-0.774037584817996,-0.896025093102796,-0.4836496388256704,-0.21841451428467268
O75439_C389,PMPCB_C389,LC*TSVTESEVAR,-0.5004578377415503,-0.5312699468414225,0.18834601347476035,-0.07411375046657542,-0.229373880393697
Q12986_C92,NFX1_C92,SQQTSFQSSPC*NK,-0.4980514448550867,-0.7463815774651416,0.4342642545090927,-0.11719847878680359,-0.23184181164948478
P84095_C157,RHOG_C157,YLEC*SALQQDGVK,-0.5030540876043685,0.07034585657404711,-0.002297711153848363,-0.49269361611256024,-0.2319248895741825
P35556_C89,FBN2_C89,GPNVC*GSR,-0.21345247203851256,-0.26472133763385336,-0.26322452798290585,-0.1966194153758848,-0.2345044382577891
Q9UHC7_C186,MKRN1_C186,TAPSC*TEAPLQGSVTK,-0.3994673874696901,-0.3266449833694847,-0.14202128216174012,-0.09408696386344012,-0.24055515421608875
Q16658_C397,FSCN1_C397,GEHGFIGC*R,-0.2921307440169626,-0.16030612807596545,-0.38901056029575537,-0.2735919160986493,-0.27875983712183316
Q9BYW2_C1520,SETD2_C1520,AQGEIACGEDC*LNR,-0.7572050229827452,0.1801547125180906,-0.38427080637910926,-0.17251647260565578,-0.2834593973623549
Q5SQI0_C298,ATAT1_C298,LC*PPHPTAR,-0.19441630850671776,-0.22721829102915522,-0.2820932088385956,-0.4511237781922503,-0.2887128966416797
Q96KQ7_C481,EHMT2_C481,VALMVLC*ETHR,-0.32642435721141577,-0.34845926963514956,0.04814375914914627,-0.5332577229180415,-0.2899993976538652
Q96L91_C1820,EP400_C1820,C*GESLQDVIDR,-0.3009232397358773,-0.296479527734401,-0.1610814579308897,-0.41580933453306773,-0.2935733899835589
Q5JPI3_C259,C3orf38_C259,C*PFVENTWK,,-0.19004802195743942,-0.20062350739709447,-0.5180474960205579,-0.30290634179169723
Q9H0I2_C58,ENKD1_C58,GPC*IGPGAGEILER,-0.46445917704984,-0.2993807960545304,-0.16018706832164986,,-0.3080090138086734
Q9P2D3_C870,HEATR5B_C870,C*AAGEALGR,-0.16004130797348698,-0.29894730717731527,,-0.4745980761853313,-0.31119556377871116
Q9Y512_C457,SAMM50_C457,IC*DGVQFGAGIR,-0.3367134027760665,-0.196124752596677,-0.3695916987364347,-0.3434134896449812,-0.31146083593853985
Q8WW38_C788,ZFPM2_C788,C*DIFPGIVSK,-0.7440699755902429,-0.6114427881235983,0.1388076883024161,-0.032614089620596885,-0.3123297912580055
Q7Z333_C1368,SETX_C1368,LSDC*ESTDVKR,-0.8150651984182303,,0.08213279493080068,-0.20811863738359307,-0.3136836802903409
Q9UPW5_C571,AGTPBP1_C571,AC*PHMATCGNVLFEGR,-0.5495953210091062,-0.2412434691428476,,-0.17371851509965291,-0.32151910175053555
P50991_C337,CCT4_C337,DIEREDIEFIC*K,-0.29620155445873364,-0.21783877694451192,-0.30331773922028915,-0.5155825974581669,-0.33323516702042544
P05455_C18,SSB_C18,IC*HQIEYYFGDFNLPR,-0.5387346486996253,-0.4227464860625307,-0.06834342896235666,-0.3086346243616681,-0.3346147970215452
O95155_C552,UBE4B_C552,YPLMALGELC*ETK,-0.26366248558658334,-0.619012417800651,-0.17616058577916122,-0.3427715166562708,-0.35040175145566654
Q6SJ93_C226,FAM111B_C226,GETIEGALC*K,-0.4131857471030919,-0.27004398069207175,-0.27369815434725014,-0.48713454171267045,-0.361015605963771
Q6PJG2_C16,MIDEAS_C16,C*LFGGQEPAPK,-0.3002389527095968,-0.3940058073809242,-0.6302998931324433,-0.20667809767096665,-0.38280568772348267
Q8IWB9_C636,TEX2_C636,KYPIC*IELGQQDDFMSK,-0.3336600400410588,-0.7082103069253662,,-0.10723199104862792,-0.38303411267168425
O15357_C1121,INPPL1_C1121,SC*SVLQMAK,-0.297261764604249,-0.27722267907040243,-0.5747902615317582,-0.4153103510722176,-0.3911462640696568
P56192_C405,MARS1_C405,FVEGVC*PFCGYEEAR,-0.48532193876442925,-0.35249403334861124,-0.35037695453458334,,-0.3960643088825413
Q14789_C2279,GOLGB1_C2279,VC*DTLQGENK,-0.2043237509516592,,-0.4678607505676677,-0.5173830573742595,-0.39652251963119545
Q9C0D5_C1154,TANC1_C1154,TPLMVAAC*EGHLSTVEFLLSK,-0.5355634346648246,-0.008476337464287059,-0.6479491633109029,,-0.3973296451466715
Q86VP6_C237,CAND1_C237,TYIQC*IAAISR,-0.07775815012771499,-0.8140984689279013,-0.3211411449630157,,-0.40433258800621064
Q7Z7L1_C126,SLFN11_C126,LC*SLSSSLYR,-0.3978271832424492,-0.6216740505801271,,-0.2161515751485284,-0.41188426965703495
Q6UY14_C903,ADAMTSL4_C903,AC*SLGPCER,-0.4507600960298779,-0.18730591624747178,-0.46195662974803575,-0.5682675162011165,-0.4170725395566255
P52298_C81,NCBP2_C81,TAC*GFCFVEYYSR,-0.494035962539767,-0.43645096845493203,-0.6611825681971604,-0.14436281327040024,-0.4340080781155649
Q6GYQ0_C424,RALGAPA1_C424,QAFLLPIC*EAAAMR,-0.5050836845006222,-0.5206199386352401,-0.6478568671883457,-0.1118507809965637,-0.4463528178301929
Q12768_C838,WASHC5_C838,MTC*HIDQLNTWYDMK,-0.3959804033036246,-0.33070000481103873,-0.6195769847357671,,-0.4487524642834768
Q06546_C388,GABPA_C388,YYYDGDMIC*K,-1.0936873818585853,-0.7489335815593008,-0.025874463003299795,0.037905497323271996,-0.45764748227447843
P56159_C233,GFRA1_C233,QTIVPVC*SYEER,,-0.024176253912017078,-0.9428692604825469,-0.413864366767065,-0.460303293720543
Q9H7B4_C41,SMYD3_C41,SDPLAYTVC*K,-0.41597419150044823,-0.033062390257453604,-0.9430492891010789,,-0.46402862361966024
Q92576_C402,PHF3_C402,IEPLGYC*EDAESNR,-0.8114544656859596,-0.5919346431901163,-0.5046067875651259,0.03677155144892487,-0.46780608624806924
Q9Y5B6_C831,PAXBP1_C831,AQNVINC*FPK,-0.38440762839390685,-0.24897874796495606,-0.58067061463947,-0.6619675501083633,-0.46900613527667406
Q14690_C151,PDCD11_C151,C*VVSSLGITDR,-0.5958537210283971,-0.5288014781779441,-0.4540669325326406,-0.3018272587558474,-0.47013734762370735
P52789_C628,HK2_C628,ASGC*EGEDVVTLLK,-0.44319484620211225,-0.20442401790640422,-0.9074634975633844,-0.37691122378700415,-0.4829983963647262
P04899_C255,GNAI2_C255,LFDSIC*NNK,-0.784195824867479,,-0.7701680042868844,0.10393302806828741,-0.48347693369535866
Q9NSV4_C1158,DIAPH3_C1158,EAC*NVESNR,-0.39369013172139383,-0.08511317778974646,-0.7611285274299515,-0.7234737217003694,-0.49085138966036534
Q9H6R6_C398,ZDHHC6_C398,CPC*DAETDQAPEGEKK,-0.47397209689682757,-0.6038939791805411,-0.23621513520629145,-0.6773735494293383,-0.49786369017824955
Q9C0C9_C353,UBE2O_C353,C*LYVFPAK,-0.3754432440007464,-0.6041594365112494,-0.8063474126080806,-0.23002044805009203,-0.5039926352925421
Q8N3D4_C1073,EHBP1L1_C1073,NGLAFC*AILHR,-0.24112743055527902,-0.46174417209047397,-0.7343803887655203,-0.6141126243325684,-0.5128411539359604
O00429_C300,DNM1L_C300,DC*LPELK,-0.42543961641181927,-0.3746720734656511,-0.7694931069681226,-0.5070708312704236,-0.5191689070290042
Q9H0H0_C33,INTS2_C33,VDVVC*LASLSDPELR,-0.49688567044518844,-0.3134302272504886,-0.695147940885997,-0.5801519200285297,-0.5214039396525508
Q9UBB9_C383,TFIP11_C383,VLEMVEEC*ERR,0.4457087604727991,-0.19406379680968394,-1.506577441406653,-0.836465022828746,-0.522849375143071
P30530_C678,AXL_C678,NC*MLNENMSVCVADFGLSK,-1.758169118799653,-0.1867507915256944,-0.006738121131584229,-0.22090809569138237,-0.5431415317870786
Q9UBW7_C448,ZMYM2_C448,LC*SDHCFNR,-0.21283454262931856,-0.5290023489885614,-0.8313066141508619,-0.65487579898471,-0.557004826188363
Q8WTW3_C87,COG1_C87,ATDQYC*AR,-0.6530103607634203,-0.5031764480760889,-0.6877062759139076,-0.40613511018841264,-0.5625070487354573
Q86TG7_C470,PEG10_C470,SIVFDSEYC*R,-0.31669896992500945,-0.7127033004825929,-0.5286997506969543,-0.7585550248813538,-0.5791642614964775
P52888_C350,THOP1_C350,YC*VDQNLLK,-0.5016806819570774,-0.7773426023028008,-0.459745531873449,,-0.5795896053777757
Q63ZY3_C249,KANK2_C249,SELC*LDLPDPPEDPVALETR,-0.36958221692328513,-0.5530552969428996,-0.8180096048444256,,-0.58021570623687
A2RRP1_C588,NBAS_C588,SWVLHEC*LER,-0.3139192917827342,-0.39232552210945926,-0.6229061308067617,-1.0257783390764112,-0.5887323209438416
Q15813_C152,TBCE_C152,GGVAEAC*PNIR,-0.5261307817872726,-0.2900409515752451,-0.5249842978032294,-1.0326764527764085,-0.593458120985539
Q15542_C715,TAF5_C715,GHTDTVC*SLR,-0.8831255843803882,-0.7423744856214249,-0.15009767617025574,-0.6050807470904533,-0.5951696233156305
Q96J84_C371,KIRREL1_C371,SVTQADAGTYTC*R,-0.4531835910775542,-0.9269343869671229,,-0.4083347635428893,-0.5961509138625221
Q9Y2U8_C754,LEMD3_C754,WIQPSASC*DK,-0.6961774541132375,-0.5028487549544239,-0.5677586142172014,-0.6230476994552845,-0.5974581306850368
Q9NTI5_C732,PDS5B_C732,YAIHC*IHAIFSSK,-1.0116865618439184,-0.8521108301121021,-0.17267764987162362,-0.38011844873394857,-0.6041483726403981
Q6ZNB6_C660,NFXL1_C660,HEVSPLPCHAVGPYSC*K,-0.6826298962283618,-0.6689492679091016,-0.47344189945702514,,-0.608340354531496
Q96RE7_C387,NACC1_C387,AQLMNC*HVSAGTR,-0.89736223383529,-0.8101288015621583,0.2304352102587594,-0.9877582720471689,-0.6162035242964644
P49916_C929,LIG3_C929,AADETLC*QTK,-1.391144091573689,-0.12435880379839437,-0.2214389315451355,-0.75751449280698,-0.6236140799310497
Q6PIJ6_C803,FBXO38_C803,AC*VVNGPDGTR,-0.36683469128725843,-0.22070976449115307,-0.7777463507678434,-1.1764468453999004,-0.6354344129865388
Q5T160_C74,RARS2_C74,C*DTVVSEISTGQR,-0.7491239173843026,-0.7700234092238107,-0.6674908049335729,-0.40214214318208835,-0.6471950686809436
O14561_C140,NDUFAB1_C140,LMC*PQEIVDYIADKK,-0.4881041733039858,-0.6272113094689044,-0.8323806431149402,,-0.6492320419626101
Q9C0B7_C15,TANGO6_C15,QAVGSGAQETC*GLDR,-0.9321102536191342,,-0.12288449649764789,-0.9129373470606987,-0.655977365725827
Q5TAX3_C204,TUT4_C204,C*ALQNSPR,-0.5288511039424635,-0.7374374197231022,-0.7367927046343111,-0.6831101529260796,-0.671547845306489
Q92610_C463,ZNF592_C463,ASDSSSPSC*SSGPR,-0.6704037324989702,-0.9187230003005815,-0.39507107276671916,-0.7185371297909199,-0.6756837338392976
O75113_C454,N4BP1_C454,VEAKPC*TSNCR,-0.674309212154462,-0.6871943204422977,-0.47932921719070354,-0.8641096100647954,-0.6762355899630645
Q63HN8_C3084,RNF213_C3084,DQEYTQLC*R,-2.4232536452655493,0.16942792417610403,-0.21223550648233838,-0.25750500727198944,-0.6808915587109432
Q99676_C626,ZNF184_C626,HC*SSLAQHQK,-0.9686587625455028,-0.42243782764162285,-0.7840299753667846,-0.6008041017676713,-0.6939826668303953
O95407_C91,TNFRSF6B_C91,YC*NVLCGER,-0.6747545307033365,,-0.7725375553227448,-0.6374585655656254,-0.6949168838639022
Q14203_C81,DCTN1_C81,YFTC*DEGHGIFVR,-0.5506518272128191,-0.29718041842474374,-1.0429251547916312,-0.9172437985511139,-0.7020002997450769
Q8IWR0_C790,ZC3H7A_C790,CQYVGNC*SFAHSPEER,-0.6574562332424432,-0.605445066350807,-0.8161980578427886,-0.7784646507632017,-0.7143910020498101
Q86YV5_C905,PRAG1_C905,GGC*GSPGLQCK,-0.9612840874659676,-0.7130338163456131,-0.6359381693472251,-0.5502032432378768,-0.7151148290991707
P05556_C221,ITGB1_C221,LRNPCTSEQN[0.9840]C*TSPFSYK,-0.9456818585027591,-0.6526465384885931,,-0.5538345798080165,-0.717387658933123
Q13643_C10,FHL3_C10,C*NESLYGR,-0.7788185497892655,-0.6708405085521536,-0.6034864123113053,-0.8319550379215047,-0.7212751271435572
P49585_C139,PCYT1A_C139,YDAVQHC*R,-0.3206156904606177,-0.6954230743245771,-1.1715886240397562,-0.7474835471777179,-0.7337777340006673
Q13427_C10,PPIG_C10,C*FFDIAINNQPAGR,-0.6154912987073906,-0.5449766729926686,-0.13423670211555383,-1.6406839450591264,-0.7338471547186849
O94967_C832,WDR47_C832,LLATGQ[0.9840]EDSSC*MLYDIR,-0.46138654723113104,-0.4133801948429589,-0.8159549137714819,-1.2578665820796513,-0.7371470594813058
P61011_C36,SRP54_C36,EVC*TALLEADVNIK,-0.7458973868724461,-0.6751701071892741,-0.7679682366981657,-0.7684322080051696,-0.7393669846912639
Q14155_C721,ARHGEF7_C721,VIEAYC*TSAK,-0.679991544956781,-0.5594734644927006,,-0.9945534564697246,-0.7446728219730687
Q684P5_C584,RAP1GAP2_C584,C*DSTSSTPK,-1.2237529294568124,-0.5302875168442044,-0.5844833506413645,-0.6848373055646327,-0.7558402756267535
Q7L2E3_C786,DHX30_C786,C*QSGFAYHLFPR,-1.2526693093918166,-0.9220463171961266,-0.3943055061300411,-0.469441107916693,-0.7596155601586694
O60508_C366,CDC40_C366,LWDTETGQC*ISR,-0.8029583776853838,-0.9950115065525925,-0.5270803967048013,-0.7570335276669617,-0.7705209521524348
O75410_C78,TACC1_C78,ESC*DPSLGLAGPGAK,-0.8146537449865915,-1.0231459137865218,-0.5398819899286814,-0.7985954473141814,-0.7940692740039941
Q96D46_C250,NMD3_C250,STFSVEIVPIC*K,0.10153476713668647,-0.8464546168937601,-1.7431151087487573,-0.7220060614092856,-0.8025102549787791
Q9BTD8_C385,RBM42_C385,IFC*GDLGNEVNDDILAR,-0.9680202107860406,-0.6603693362560122,-0.6568853269193206,-1.0493464847659184,-0.8336553396818228
Q9Y446_C529,PKP3_C529,SVENAVC*VLR,-1.3447310093459148,-0.7650060310010987,-0.9793479108503552,-0.2950443721027949,-0.8460323308250408
Q9C0C9_C341,UBE2O_C341,LGC*FDHAQR,-0.9419212159901393,-0.9423383977920946,-0.8665211317143324,-0.9544454541425972,-0.9263065499097909
Q9H6U6_C417,BCAS3_C417,VQDICFSHDC*R,-0.9007101707497275,-1.1528414835860386,-0.9336631707257399,-0.8101636434824296,-0.949344617135984
Q15911_C1031,ZFHX3_C1031,C*VAIGNPVHLK,-0.8169054676551671,-6.743458137287468,-0.5094030029975869,0.14689864077249748,-1.9807169917919307
