Identifier,AltIdentifier,Modified_Peptide,"Log2R_/Users/jmontano/Documents/Rotations/Zaro Lab/Notebook/20240730_JLML181 - NCI60 isoDTB, IGR-OV1 and NCI-H23/138-IGROV1/results-2/A1","Log2R_/Users/jmontano/Documents/Rotations/Zaro Lab/Notebook/20240730_JLML181 - NCI60 isoDTB, IGR-OV1 and NCI-H23/138-IGROV1/results-2/A2","Log2R_/Users/jmontano/Documents/Rotations/Zaro Lab/Notebook/20240730_JLML181 - NCI60 isoDTB, IGR-OV1 and NCI-H23/138-IGROV1/results-2/B1","Log2R_/Users/jmontano/Documents/Rotations/Zaro Lab/Notebook/20240730_JLML181 - NCI60 isoDTB, IGR-OV1 and NCI-H23/138-IGROV1/results-2/B2",Log2R_Average
P25705_C244,ATP5F1A_C244,LYC*IYVAIGQK,3.130358303724445,0.5538120277424752,0.2559772642867322,0.4673107716544287,1.1018645918520202
Q96KQ7_C481,EHMT2_C481,VALMVLC*ETHR,0.5346027018324976,3.1687242923321124,0.20106384654124515,-0.3309530856196226,0.893359438771558
Q02218_C283,OGDH_C283,FGLEGC*EVLIPALK,3.202346859619714,0.08782796479382751,-0.3058206785626629,0.3858576622417203,0.8425529520231496
P07858_C211,CTSB_C211,IC*EPGYSPTYK,0.5401774763367883,1.8245517073140154,0.010615859553511558,0.29973415658966585,0.6687697999484952
Q9NXH8_C21,TOR4A_C21,C*VIAPVR,0.29564493739946485,1.1189743305679,0.542502566230539,0.5776854789571345,0.6337018282887595
P35754_C23,GLRX_C23,VVVFIKPTC*PYCR,0.4098645431251308,1.0053377419590441,0.4571769475462761,0.5462231777718702,0.6046506026005802
Q15771_C168,RAB30_C168,LFLDLAC*R,1.3279529138373933,0.37712220774036254,0.3953431079290196,0.26111802078601426,0.5903840625731974
Q69YN4_C33,VIRMA_C33,FPC*VVYINEVR,0.49276650125948473,0.06117026301477515,0.26992580415862116,1.5151717718305162,0.5847585850658493
Q5VWN6_C749,TASOR2_C749,C*ETEYAFSLDSK,0.8011514076359604,0.5640616648376507,0.5025716812154987,0.3954036484819772,0.5657971005427718
O00267_C638,SUPT5H_C638,LVENGGMFVC*K,0.3059382957013316,0.4164600830946608,1.0341015364728843,0.46592406103387246,0.5556059940756872
Q9BSY9_C108,DESI2_C108,NC*NHFSSALSEILCGK,0.5492403740881151,0.7096101535707123,0.5566072034187417,0.35779252537568096,0.5433125641133125
Q9NQW6_C309,ANLN_C309,SC*EGQNPELLPK,0.5910821750448162,0.5328146189283504,0.4877858261726058,0.48312519101733575,0.5237019527907769
P16455_C145,MGMT_C145,GNPVPILIPC*HR,0.4356471184674154,0.5835488187263069,0.3750175629757876,0.6375085195338096,0.5079305049258298
Q9BYW2_C714,SETD2_C714,AC*MLSSNGFQNISR,2.131063932713772,0.2862301791238608,-0.491870716597303,0.0834374498203688,0.5022152112651747
Q96P70_C864,IPO9_C864,VSSVALC*K,0.323537092516773,0.9175149457005571,0.3567827938501705,0.4054467664945459,0.5008203996405116
P78527_C478,PRKDC_C478,NC*ISTVVHQGLIR,0.9494596638760727,0.5770898959532831,-0.031684168847392946,0.4221658326310632,0.4792578059032565
Q14203_C81,DCTN1_C81,YFTC*DEGHGIFVR,2.034168252720015,-0.35374794979900637,0.4341005639325801,-0.22634644182628913,0.4720436062568249
Q5VZ89_C126,DENND4C_C126,C*ANVNNSSTTSQR,0.6321138017722936,0.5570823013692963,0.3291871322105586,0.342838020758318,0.4653053140276166
P07237_C405,P4HB_C405,N[0.9840]VFVEFYAPWC*GHCK,0.5757173079897361,0.5432722402668909,0.5904069904341231,0.077312033955163,0.4466771431614783
P55735_C245,SEC13_C245,VFIWTC*DDASSNTWSPK,1.1115722174379599,0.3489014179298214,0.22664223497903288,0.08672405745316887,0.44345998194999575
O75165_C1354,DNAJC13_C1354,AYEFLC*TK,1.0318231750572278,-0.009751709162906547,0.3865147034009369,0.3614402461319213,0.44250660385679486
Q9Y324_C154,FCF1_C154,C*YIVATVDR,0.4312022291255702,0.39563977158697444,,0.487010507499748,0.4379508360707642
Q9BY44_C306,EIF2A_C306,C*DPVFDFGTGPR,0.9265777798350058,0.44712573930032556,-0.06043226338372014,0.43068964291877165,0.4359902246675957
P38606_C138,ATP6V1A_C138,WDFTPC*K,0.7652841762320509,0.34366204278281737,0.4029022871729551,0.17864403368447412,0.4226231349680743
Q9Y2X0_C801,MED16_C801,C*GCVTMLK,0.540461769677923,0.4202565782016599,0.35745361040774654,0.3571601329762354,0.4188330228158912
Q14315_C535,FLNC_C535,EAGDGVFEC*EYYPVVPGK,2.8413172923855217,-0.688674460289989,-0.377577816505819,-0.19570301192186795,0.39484050091696143
O95425_C2091,SVIL_C2091,SAMETVLQYC*K,-0.2979687644565967,0.39941212759697914,-0.1156407717787944,1.5295631669218275,0.37884143957085387
Q5KU26_C27,COLEC12_C27,FGIQEGTQC*TK,-0.2730576209900483,0.13353628844708398,0.11986598839826458,1.5120105236523598,0.373088794876915
Q6FIF0_C163,ZFAND6_C163,VGLTGFEC*R,-0.007671265367132362,0.5048672262436597,0.47070491765067535,0.5152757400427134,0.370794154642479
P22307_C102,SCP2_C102,AIYHSLGMTGIPIIN[0.9840]VNNNC*ATGSTALFMAR,0.5479942586630043,0.4331301397174848,0.30724152375679425,0.17207147287058544,0.36510934875196716
P22234_C185,PAICS_C185,SWLPQNC*TLVDMK,1.0197511178393364,-0.19876116711635702,0.5610355903308789,0.059931139964466806,0.36048917025458127
Q86XL3_C454,ANKLE2_C454,TPEDVIC*ER,0.8382314896911913,0.328502093401856,0.1642036950280629,0.06700132391995342,0.3494846505102659
Q96L91_C1820,EP400_C1820,C*GESLQDVIDR,0.933241035612393,0.2613880801574429,0.23507828451982787,-0.04402486612110411,0.3464206335421399
Q52LW3_C691,ARHGAP29_C691,IC*ASEIENR,,0.14743645870749736,0.5396551009532704,0.30665472237563235,0.33124876067880005
Q06265_C122,EXOSC9_C122,CIDTESLC*VVAGEK,,0.17144987249939014,0.19798948102082867,0.5602730620015484,0.30990413850725573
Q92973_C142,TNPO1_C142,LC*SLLDSEDYNTCEGAFGALQK,0.19481365336270742,0.3767337622618361,,0.3069922973475893,0.29284657099071093
Q6ZWJ1_C411,STXBP4_C411,IMVLDC*QLR,0.42455934305011184,0.166518631296962,0.4414474281238645,0.11560918822410987,0.28703364767376205
Q8N4T4_C10,ARHGEF39_C10,C*PVQEQR,,0.37187738916574936,0.43057531314207825,0.021528674706394985,0.27466045900474084
Q14207_C551,NPAT_C551,SQFC*ENSNDTVK,,0.43147796547405093,-0.0634264864349524,0.3944776102588669,0.2541763630993218
Q9NSC2_C1012,SALL1_C1012,TFAC*QSALDIHYR,-0.8335534148768872,2.108039665730547,-0.6148508859102795,0.3185892754926203,0.2445561601090001
Q07020_C134,RPL18_C134,GC*GTVLLSGPR,0.861398757832435,0.4036113762174609,0.41836183155030404,-0.7161090018609779,0.2418157409348055
Q8WXE1_C682,ATRIP_C682,LGVQSPLPPVTGSNCQC*NVEVVR,0.5794827146913166,0.08144507854786565,,0.05855975641208828,0.23982918321709018
Q9H7Z7_C110,PTGES2_C110,TC*PFCSK,,0.0003048930203144388,0.570142801632667,0.09776741127886357,0.2227383686439483
Q9H074_C358,PAIP1_C358,IENVVLDANC*SR,-0.2618056660443869,0.584070896514563,-0.08373891718028995,0.5535351031302665,0.19801535410503818
Q96AY3_C222,FKBP10_C222,GMDQGLLGMC*PGER,0.7358634868461484,-0.19046781389051692,0.36492423739711943,-0.1387999481603095,0.19287999054811034
P24752_C126,ACAT1_C126,VC*ASGMK,0.22236352028293163,0.458734220973084,0.2862771910581603,-0.22292632560087153,0.1861121516783261
Q9BZL4_C211,PPP1R12C_C211,C*WLNGGAMPEAR,0.3198041286825491,0.12107087714891662,0.005278797208667897,0.2731518993318789,0.17982642559300313
Q92576_C402,PHF3_C402,NKIEPLGYC*EDAESNR,1.579800792317776,-0.26755761595279826,-0.17229891670069755,-0.4523498531587108,0.17189860162639234
Q96HR3_C34,MED30_C34,EVNTASLC*R,0.0921241664053549,0.05116678007293768,0.4922568703728779,-0.018202626041088125,0.15433629770252055
P41440_C220,SLC19A1_C220,C*ETSASELER,-0.15706398833249874,0.8924906589135124,-0.1489178157114745,0.02540623815789902,0.15297877325685955
Q13427_C10,PPIG_C10,C*FFDIAINNQPAGR,-0.5202498279494456,0.3556423159280124,0.7649685064451905,-0.01650793899138403,0.1459632638580933
Q9Y6J0_C571,CABIN1_C571,NC*PAGMVNGR,0.23967456491487926,0.15047060230643047,0.1503928158658639,-0.026591041934778833,0.1284867352880987
Q8WVP5_C96,TNFAIP8L1_C96,C*LAMTAVSFHQVDFTFDRR,,0.5455745599044658,-0.33675245650049307,0.13211294127790651,0.11364501489395973
Q8IXK0_C673,PHC2_C673,YNVGC*TK,-0.5743211611660289,0.04316432590302933,0.9303410351089467,-0.025799261680948097,0.09334623454124974
Q8TCG1_C472,CIP2A_C472,VADSELC*K,,-0.10579505285299023,0.23700450850429683,0.10921421646831525,0.08014122403987395
Q9Y2Z2_C77,MTO1_C77,VDTIGQMSC*NPSFGGIGK,,0.473939296833509,-0.27532228933783753,0.04070642377030105,0.0797744770886575
Q14146_C702,URB2_C702,C*DAAFIIGSGR,-0.12231969625567782,0.6772283201002346,-0.19034411527047718,-0.2903691290982728,0.018548844868951683
Q709C8_C2395,VPS13C_C2395,SC*LNVFNNLAK,,-0.2910345459567882,0.49767437609825177,-0.15122693436200985,0.018470965259817916
Q52LW3_C793,ARHGAP29_C793,KWPNMC*IEINR,,0.10551729529027853,-0.3806321400760745,0.3073625661794699,0.010749240464557969
Q14155_C721,ARHGEF7_C721,VIEAYC*TSAK,0.406173468753623,,0.013573142291295286,-0.42437974011599394,-0.001544376357025229
Q9Y6X3_C145,MAU2_C145,AIQISQQTPYWHC*R,0.1887637380725365,0.26094809567574057,-0.4766645404401784,,-0.008984235563967102
O15269_C192,SPTLC1_C192,AAC*FAIQK,,-0.021470985988747394,-0.3779463926235693,0.34947399893145736,-0.016647793226953117
Q12980_C141,NPRL3_C141,ANADPSVINC*LHNLSR,-0.3515773519379509,0.16119371250152548,-0.30479868824962064,0.2655463747343065,-0.05740898823793489
Q86V21_C15,AACS_C15,EEILEC*QVMWEPDSKK,0.07352828177742565,-0.48798020666921027,0.17337653895450034,,-0.08035846197909477
P38606_C277,ATP6V1A_C277,YSNSDVIIYVGC*GER,0.3053045144677001,-1.0404617247493424,0.16781696137014362,0.1604261403066361,-0.10172852715121565
Q9NXV6_C503,CDKN2AIP_C503,SSQESIVC*ELR,-0.01825844742650159,-0.23599221523755878,0.026591318501416043,-0.20104998214965786,-0.10717733157807555
Q6P9F7_C195,LRRC8B_C195,ILLSSSGC*SADIDSGK,,0.21835274582608963,-0.662641606934999,0.08330255701383649,-0.12032876803169093
P50851_C2820,LRBA_C2820,QLFAYPGC*DAGIR,-0.7788706314629443,,-0.058777010709225114,0.4764190343603702,-0.12040953593726639
Q9BZH6_C1105,WDR11_C1105,LNPEEC*ADVLR,0.19246184028965777,-0.18907844253907474,-0.38159847762453136,,-0.1260716932913161
Q14004_C840,CDK13_C840,C*SNILLNNR,-0.7163456893899657,0.011104894577342254,-0.23659177704262843,0.4206194764503754,-0.1303032738512191
P09874_C256,PARP1_C256,VC*STNDLK,,-0.015561548566446457,-0.4209205069066449,-0.03511891517543849,-0.15720032354950994
Q7Z4Q2_C655,HEATR3_C655,GNYSTDQLC*VLDNVK,-0.5769297535351174,0.5664175972624554,-0.5450063764056524,-0.15700952856869735,-0.17813201531175293
Q02543_C64,RPL18A_C64,SSGEIVYC*GQVFEK,-0.1755635811401114,-0.05161307201039259,-0.4678964303904404,-0.024987704551776138,-0.18001519702318008
Q9Y4A5_C3085,TRRAP_C3085,C*YLQLAGVMGK,,-0.7178730825073866,-0.17121124170359553,0.28848860549393673,-0.20019857290568177
Q9NVN8_C518,GNL3L_C518,SNSMVDVC*SVDR,-0.1465784999472623,-0.7218004074038911,-0.08544726258872883,0.10529701790399087,-0.21213228800897282
Q86VP6_C237,CAND1_C237,TYIQC*IAAISR,-0.6820752944659344,-0.4480276558632581,0.08745652846157871,0.1752569937287361,-0.21684735703471947
Q27J81_C172,INF2_C172,TVC*SQQYR,,-0.6636096258657466,0.24370483199846138,-0.243687402051025,-0.22119739863943672
Q13136_C1023,PPFIA1_C1023,NSFQCGIMC*LR,-0.4416253003513099,,-0.0967180280628477,-0.14822027303608915,-0.22885453381674892
O60826_C369,CCDC22_C369,TLGVSFVQAESEC*R,0.07733133652894253,-0.48262604120299096,,-0.2840364392025969,-0.22977704795888176
P61163_C34,ACTR1A_C34,YC*FPNYVGRPK,-0.4249301875413869,0.5038561697523813,-0.6091131289533712,-0.45634295865713265,-0.24663252634987737
Q15154_C1616,PCM1_C1616,EHMDEVC*SSQLLTSVR,,0.2894126021608714,-0.753669224016837,-0.34448292463321967,-0.2695798488297284
Q92547_C276,TOPBP1_C276,GFC*QDESIYK,,-0.3095601150146509,0.27977435569117626,-0.831717641520807,-0.2871678002814272
O14730_C171,RIOK3_C171,HDEVVC*GR,-0.24679529085255328,-0.19423861531682937,-0.5998472013959999,-0.16174715521039634,-0.30065706569394474
Q9BZD4_C111,NUF2_C111,VNDFETADILC*PK,-0.44488935219369075,-0.22394363558762784,-0.3600720087361089,-0.25608343827764435,-0.32124710869876794
Q6NSJ2_C327,PHLDB3_C327,LLELNC*LQGTPGGDFSEPNPALTK,0.22291603804415264,,-0.7707839421375815,-0.43225381034789,-0.3267072381471063
Q9Y4P3_C108,TBL2_C108,YLATC*ADDR,-0.7185880706236604,-0.2984716456335906,,-0.04968991291066989,-0.3555832097226403
Q9Y4W2_C469,LAS1L_C469,MVESC*LGSPCWASPQLLR,-0.08171979083902517,-0.43138198087403223,-0.035756093052339996,-0.8923266746653367,-0.3602961348576835
Q9C0J8_C249,WDR33_C249,C*VDWHPTK,-0.13482744624005527,-0.9319717792508406,-0.102540505937685,,-0.3897799104761936
Q96FV9_C452,THOC1_C452,LWNLCPDNMEAC*K,0.5251936571627367,0.3858036616039314,-2.3042191595956143,-0.16984840305407412,-0.39076756097075505
Q9Y512_C457,SAMM50_C457,IC*DGVQFGAGIR,-0.26251851853062597,-0.7449215667703755,-0.2943966375525419,-0.3051308955111172,-0.40174190459116516
P13473_C153,LAMP2_C153,C*NSLSTLEK,-0.46447282196001977,-0.044315952674020845,,-0.7047593528918819,-0.4045160425086408
Q14469_C128,HES1_C128,FLSTC*EGVNTEVR,-0.5332095630898126,-0.8793972899053522,-0.16811031813942418,-0.14076125704785683,-0.4303696070456114
Q02880_C204,TOP2B_C204,FTVETAC*K,-0.5977096365562848,-0.3412746633088715,-0.3506310987912845,-0.561314857929505,-0.46273256414648645
Q14C86_C789,GAPVD1_C789,SEC*SSDFGGK,-0.18503641969885296,-1.2202488892650591,0.07453316499224868,-0.621010793834763,-0.4879407344516066
P98160_C1628,HSPG2_C1628,TC*ESLGAGGYR,-0.583725744793609,-0.7180184847060403,-0.3175679217860478,-0.6346995868784768,-0.5635029345410435
O75165_C820,DNAJC13_C820,YEC*LAEEIK,,-0.9511840585780429,-0.25544215650924396,-0.5568912837515213,-0.5878391662796028
P61081_C65,UBE2M_C65,LVIC*PDEGFYK,-0.7856687234935188,-0.9341980029483854,,-0.07529992505521285,-0.5983888838323723
P84095_C157,RHOG_C157,YLEC*SALQQDGVK,-0.8554613988517764,-0.38257647885814045,-0.6566208338546773,-0.5140922175329133,-0.6021877322743768
Q15813_C152,TBCE_C152,GGVAEAC*PNIR,-0.9685298158525939,-0.16130492562729018,-0.9490681148866367,-0.37879825221353014,-0.6144252771450128
Q14296_C212,FASTK_C212,GGQGLEAALSC*PR,,-0.8446098006126337,-0.8509103431284795,-0.8714472391092085,-0.8556557942834404
